JURASSIC STORES 2013 LTD,,
UPDATED PRICELIST,,
Product Name,P/PCS,P/CTN
21 Cane 250ml,171.00,170.00
4Cousin Marula Dream  500ml,"1,610.00","1,600.00"
4cousins Red 3L,"1,750.00","1,745.00"
4cousins  Red 750ml,880.00,875.00
4COUSINS ROSE 750ML,810.00,805.00
4 Cousins.Sweet Red 1.5,"1,575.00","1,570.00"
4 Cousins. Sweet White 1.5,"1,575.00","1,570.00"
4Cousins.Swt White 750Ml,880.00,875.00
4 Cousins Swt White Sparkling 750ml,"1,000.00",990.00
4Cousin Strawberry Cream  500ml,"1,460.00","1,455.00"
4Cousin sweet Red 5ltrs,"3,990.00","3,980.00"
4cousin Sweet Rose Can 250ml,385.00,380.00
4cousin Sweet White  5ltrs,"3,990.00","3,980.00"
4cousin Sweet White  Can 250ml,385.00,380.00
4th Street Red  1.5ltr2,"1,470.00","1,460.00"
4Th Street  Red 1.5Ltrs,"1,694.00","1,686.00"
4Th Street  Red 5L1,"4,010.00","3,992.00"
4th Street Red 5L2,"4,000.00","3,990.00"
4Th Street  Red 750ml 1,875.00,872.00
4th Street Red 750ml 2,875.00,872.00
4Th Street  Rose 5L,"3,525.00","3,507.00"
4Th Street Rose 750ml,875.00,872.00
4Th Street  White 5L 1,"3,350.00","3,300.00"
4th Street White 5L2,"3,850.00","3,835.00"
4Th Street  White 750ml 1,875.00,872.00
4th Street White 750ml2,875.00,872.00
58 Classic Gin 750ml,"1,185.00","1,180.00"
58 Classic  G&T 330ml Can,212.00,210.00
58 GIN 350ML,585.00,580.00
58 Orange gin 350ml,585.00,580.00
58 Spiced Orange 750ml,"1,335.00","1,330.00"
58 Spiced Orange G&T 330ml Can,212.00,210.00
58 Very Berry G&T 330ml Can,212.00,210.00
5TH GENERATION RED 5L,"2,900.00","2,900.00"
5TH GENERATION WHITE 5L,"2,900.00","2,900.00"
#7 GIN BLUEBERRY 750ML,995.00,995.00
#7 GIN LEMON 750ML,995.00,995.00
#7 GIN MIXBERRY,995.00,995.00
#7 GIN NATURAL 750ML,995.00,995.00
#7 GIN ORANGE 750ML,995.00,995.00
#7 GIN PASSION 750ML,995.00,995.00
#7 GIN PINEAPPLE 750ML,995.00,995.00
7HILLS  Sweet Red 750ml,790.00,785.00
7Hills Sweet white 750ml,790.00,785.00
8Pm  750Ml,940.00,935.00
8PM Fire 750ml,"1,035.00","1,030.00"
8PM Honey 750ml,"1,035.00","1,030.00"
8pm  Whisky 1L,"1,155.00","1,150.00"
Absolute Vodka 1L,"2,898.00","2,884.00"
Absolute Vodka 750Ml,"2,050.00","2,000.00"
Ac black 375ml,505.00,500.00
Ac Black 750Ml,885.00,880.00
Ac Black 750ml With Glass,995.00,988.00
Ac Black With Glass 1 ltr,"1,463.00","1,456.00"
Adams Apple 1L,185.00,185.00
Adams Mango juice 1L,185.00,185.00
Adams Tropical 1L,185.00,185.00
Afia Pet Apple 380ml,36.00,35.00
Afia Pet Classic 380ml,36.00,35.00
Afia Pet Exotic 380ml,36.00,35.00
Afia Pet Strawberry 380ml,36.00,35.00
Afri Bull 750ml,816.00,813.00
AfriBull Cafe Rum 1 ltr,"1,335.00","1,325.00"
Africa 5 Merlot 250Ml,200.00,200.00
Africa 5 Sauvignon  1.5Lt,"1,050.00","1,050.00"
Africa 5 Sauvignon 250Ml,200.00,200.00
All Seasons 250ML,397.00,395.00
All Seasons 375ml,585.00,582.00
All seasons 500ml,690.00,685.00
All Seasons 750ml,"1,030.00","1,020.00"
All seasons With Glass,900.00,900.00
ALTA WINE TZ 750ML,"1,110.00","1,100.00"
ALTER WINE KENYA 750ML,"1,345.00","1,340.00"
Amandla Apple 320ml,160.00,160.00
Amandla Mango 320ml,160.00,160.00
Amandla Orange 320ml,160.00,160.00
Amandla Passion 320ml,160.00,160.00
Amarula  1L2,"2,300.00","2,250.00"
Amarula 1LTR,"2,750.00","2,750.00"
Amarula 350ml2,860.00,"1,097.00"
Amarula 375Ml,"1,135.00","1,129.00"
Amarula 750 Ml,"2,018.00","2,008.00"
Amarula 750ml 2,"1,900.00","1,890.00"
Amarula Gold 1 ltr,"2,820.00","2,800.00"
ANGOSTURA BITTERS 200ML,"2,300.00","2,300.00"
AQula 500ml,329.00,327.00
Ascony Kagor Lux,"1,600.00","1,590.00"
Ascony Moscato 750ml,"1,600.00","1,590.00"
Ascony Pastoral 750ml,"1,600.00","1,590.00"
Atlas 12%,100.00,100.00
Atlas 14%,232.00,230.00
Atlas 16 %,292.00,290.00
Avalon Gin 250ml,198.00,197.00
Avalon Gin 250ml2,181.00,180.00
AVALON GIN 750ML,550.00,545.00
Avalon Vodka 250ml,198.00,197.00
Avalon Vodka  750ml,550.00,545.00
Bacardi Carta 1L,"2,727.00","2,713.00"
Bacardi Carta  750Ml,"2,027.00","2,018.00"
Bacardi Carta Negra 750ml,"2,025.00","2,015.00"
Bacardi Carta Oro 750ml,"2,028.00","2,019.00"
Bacardi Spiced 750ml,"1,955.00","1,944.00"
Baileys  1L,"2,912.00","2,884.00"
Baileys 375ml,"1,242.00","1,236.00"
Baileys 750Ml,"2,246.00","2,225.00"
Bains Whisky 750,"2,812.00","2,798.00"
Ballantines 750 ml,"2,200.00","2,190.00"
Ballantines whisky 1 ltr,"2,912.00","2,885.00"
Balozi Can 500ml,205.00,204.00
Baron De Valls White 750Ml,540.00,540.00
Baron Romero swt red 750,450.00,450.00
Baron Romero  swt white 750ml,450.00,450.00
Bavaria Malt Apple 250ml,69.00,68.00
Bavaria Malt Apple 500ml,116.00,115.00
Bavaria Malt Ginger Lime 500ml,116.00,115.00
Bavaria Malt Mango Passion 500ml,116.00,115.00
Bavaria Malt Original 250ml,69.00,68.00
Bavaria Malt Original 500ml,116.00,115.00
Bavaria Original,245.00,243.00
Bazuu Brandy 250ml,174.00,173.00
BEEFEATER CLEAR 750ML,"1,945.00","1,935.00"
BEEFEATER DRY GIN 1L,"2,595.00","2,585.00"
BEEFEATER PINK 750ml,"2,350.00","2,340.00"
BEEFEATER PINK IL,"2,190.00","2,185.00"
Bells,"1,150.00","1,150.00"
Best Cream 250Ml,348.00,347.00
Best Cream 750Ml,972.00,967.00
Best Gin 250ml,262.00,260.00
Best Gin 750ml,737.00,733.00
BEST VODKA 250ML,245.00,244.00
BEST VODKA 750ML,695.00,692.00
Best Whisky 250Ml,321.00,319.00
Best Whisky 750Ml,935.00,932.00
Beyti Cocktail 1L,161.00,150.00
Beyti Mango 1L,152.00,150.00
Beyti Orange 1L,152.00,150.00
BEYTI QUAVA 1L,152.00,150.00
BILA SHAKA IPA 330ML,223.00,220.00
Black Bird Sweet Red 750Ml,900.00,896.00
Black Bird Sweet Rose 750Ml,900.00,896.00
Black Bird Sweet White 750Ml,900.00,896.00
Black Stallion 375Ml,300.00,300.00
Black Tower Rivaner  750Ml,770.00,760.00
Black & White 1 Ltr,"1,539.00","1,524.00"
Black & White 250ml,414.00,412.00
Black& White 375ml,587.00,584.00
Black & White 750ml,"1,141.00","1,130.00"
Blue ice Coconut 250ml,150.00,149.00
Blue Ice Vodka 250ml,150.00,149.00
Blue moon vodka 250ml,200.00,198.00
Blue moon vodka 350ml,227.00,225.00
Blue moon vodka 750ml,455.00,435.00
Blue Mountain 250ml,141.00,140.00
BLUESTAR 250ML,140.00,139.00
Blue Waves 250ml,106.00,105.00
Bluice Coconut 750ml,470.00,468.00
Bombay Dry Gin 750ml,"1,905.00","1,895.00"
Bombay Saphire 750Ml,"2,675.00","2,665.00"
Bombay Sapphire 1lt,"2,850.00","2,840.00"
Bond 7 250Ml,425.00,423.00
Bond 7 350ml,590.00,588.00
Bond 7 750Ml,"1,273.00","1,267.00"
Bottega Fragolino Rosso 750ml,"2,045.00","2,040.00"
bovine energy,37.00,36.00
BREEZER LIME 275ML,184.00,182.00
BREEZER PEACH 275ML,184.00,182.00
BREEZER PINEAPPLE 275ML,184.00,182.00
BREEZER WATERMELON 275ML,184.00,182.00
Brigadier blue 750ml,450.00,450.00
Brigadier clear 750ml,450.00,450.00
Brigadier green 750ml,450.00,450.00
BULLEIT BOURBON 700,"3,008.00","3,073.00"
BUONO AMICI CUVEE 750ML,"2,300.00","2,288.00"
BUONO AMICI PROSECCO BRUT,"2,615.00","2,600.00"
BUONO AMICI PROSECCO ROSE 750,"2,927.00","2,912.00"
Camino clear 750ml,"2,260.00","2,250.00"
Campari 750ml,"2,750.00","2,700.00"
Campari Bitters 1ltr,"2,200.00","2,185.00"
CAPITAN 500ML,234.00,233.00
Caprice Dry Red 1L,891.00,886.00
Caprice Dry White 1L,891.00,886.00
Caprice Sweet Red 1L,891.00,886.00
Caprice Sweet White 1L,891.00,886.00
Captain Morgan  gold 250ml,346.00,345.00
Captain Morgan Gold 750ml,942.00,933.00
Captain Morgan Gold Spiced 750ml,"1,830.00","1,813.00"
Captain Morgan Jamaican Rum 1l,"1,880.00","1,880.00"
Captain Morgan Jam Rum 750ml,"1,430.00","1,430.00"
Captain Morgan spiced Gold 1 ltr,"2,330.00","2,307.00"
Caribia Cane 250ml,184.00,183.00
Caribia Cane 750ml,501.00,696.00
Caribia Gin 250ml,243.00,241.00
Caribia Gin 350ml,332.00,331.00
Caribia Gin 750ml,657.00,664.00
Caribia Soda 350ML,50.00,50.00
Caribia Soda 500ml,50.00,50.00
Carlo Rossi  swt white  750ml,450.00,450.00
Casa Buena Sweet Red 1L,730.00,726.00
Casa Buena Sweet White 1L,730.00,726.00
Cash Sale  Bk  4UPS,40.00,40.00
Cash Sale Bk 6Up,40.00,40.00
Cash Sale Bk 8Up,40.00,40.00
Castel Dolce Spumante,654.00,645.00
Castle  Brand 350Ml,215.00,212.00
Castle  Lite  375ml,150.00,148.00
Castle  Lite Bottle,15.00,15.00
Castle  Lite Shell,250.00,250.00
Cellar Accient 750ml,"1,750.00","1,750.00"
Cellar Cask Red 1lrt,750.00,764.00
Cellar Cask red 5L 2,"4,000.00","3,990.00"
Cellarcask red 750ml 2,"1,000.00",995.00
Cellar Cask White 1L,760.00,756.00
Cellar Red Jhb 5L,"4,132.00","4,112.00"
Cellar Red Jhb 750Ml,972.00,968.00
Cellar White 5L,"3,800.00","3,700.00"
Cellar white 5L2,"3,850.00","3,835.00"
Cellar White 750ml2,"1,000.00",995.00
Cellar Wht Jhb 750Ml,972.00,968.00
Chamdor Red 1,728.00,724.00
Chamdor Red 750 2,300.00,300.00
Chamdor Wht 750,728.00,724.00
Chivas Regal 12yrs 1L,"4,760.00","4,735.00"
Chivas Regal 12yrs 750ml,"3,560.00","3,550.00"
Choco Toffee Sweet Red 750ml,"1,360.00","1,350.00"
Chrome 250Ml,213.00,212.00
Chrome Gin 250ml,213.00,212.00
Chrome Gin 750ml,585.00,580.00
Chrome Lemon 250ml,213.00,212.00
chrome vodka 750ml,585.00,580.00
CH VALAC MEDIUM SWT RED 750ML,606.00,606.00
CH VALAC RED 750ML,606.00,606.00
Cinzano Biaco,"1,000.00","1,000.00"
CIROC 750ML,"4,469.00","4,448.00"
Clan sinclar 750ml,"2,623.00","2,610.00"
Class 21 Fussion 375Ml,349.00,250.00
Class 21 Grain Vodka 750Ml,620.00,620.00
Class 21 Green Apple 375Ml,250.00,250.00
Class 21 Green Apple 750Ml,693.00,683.00
Class 21 Orange 375Ml,250.00,250.00
Class 21 Raspberry  375Ml,250.00,250.00
Class 21 Raspberry  750Ml,620.00,620.00
class 21 vodka 375ml,200.00,200.00
Clubman 250Ml,267.00,266.00
Clubman750Ml,721.00,718.00
Coke 1.25 Ltr,120.00,120.00
Coke 2 Ltr,170.00,170.03
Coke 350 Ml,40.00,40.00
Coke 500 Ml,70.00,70.00
Consulate Gin 750Ml,910.00,910.00
Coralba 750Ml,452.00,452.00
Corona Extra  330ml,252.00,250.00
County Brandy 250Ml,230.00,229.00
County Brandy 750Ml,648.00,645.00
COURVOISIER VS 1LTR,"6,330.00","6,300.00"
COURVOSIER VSOP 1 LTR,"7,070.00","7,035.00"
Crazy Cock 250Ml,345.00,344.00
Crazy Cock 350Ml,530.00,525.00
Crazy Cock 750Ml,940.00,935.00
Crazy Cock 750 With Box,993.00,990.00
Cruz Classic Black 750Ml,"1,524.00","1,516.00"
Dallas Brandy 250ml,120.00,119.00
Dallas Brandy 750ml,550.00,550.00
Dallas Gin 250ml,120.00,119.00
Damburger 16.2% 500ml,242.00,240.00
Delmonte Apple 1L,245.00,244.00
Delmonte CranBerry Apple,245.00,244.00
Delmonte Mango 1L,245.00,244.00
Delmonte  Mixed Berry 1L,245.00,244.00
Delmonte Orange Blend 1L,275.00,274.00
Delmonte Passion 1L,245.00,244.00
Delmonte Pineaple Gold 1L,245.00,244.00
Delmonte Pineaple Mango 1L,245.00,244.00
Delmonte Pineapple Blend 1L,245.00,244.00
Delmonte  Rasberry 1L,245.00,244.00
Delmonte Tropical 1L,245.00,244.00
Delush Sweet Red 5L,"2,665.00","2,650.00"
Delush  Sweet Red 750ml,815.00,812.00
Delush Sweet White 5L,"2,665.00","2,650.00"
Delush Sweet White 750ml,815.00,812.00
Desperado Beer 330ml,276.00,275.00
DEWARS 12 YRS Whisky,"3,473.00","3,456.00"
D Hills Carbernet Sauv 750ml,"1,680.00","1,670.00"
D Hills Chardonnay 750ml,"1,510.00","1,500.00"
D Hills Pinotage 750ml,"1,680.00","1,670.00"
Dompo sweet Red 750ml,"1,110.00","1,100.00"
Dompo sweet Rose 750ml,"1,110.00","1,100.00"
Dompo sweet White 750ml,"1,110.00","1,100.00"
Don Montego 250ml,606.00,603.00
Don Montego 750ml,"1,595.00","1,586.00"
Don Montego Brandy 500Ml,"1,150.00","1,145.00"
Drostdy Hof Claret  5L 1,"4,457.00","4,435.00"
Drostdy Hof Claret  750Ml,940.00,935.00
Drostdy Hof Grandcru 5L,"4,457.00","4,435.00"
Drostdy Hof Grandcru 750Ml,940.00,935.00
Drostdy Hof Sweet Red 750ml,940.00,935.00
Drostdy Hof Sweet White 750ML,940.00,935.00
Drost Hof Grand Cru 5ltr2,"3,850.00","3,835.00"
Drost Hof Sweet Red 3ltr,"3,000.00","2,990.00"
Drosty Hof Claret 5ltr 2,"4,000.00","3,990.00"
Drosty Hof Claret 750ml 2,940.00,935.00
Drosty Hof Sweet White 3ltr,"3,000.00","2,990.00"
Dunhill Double caps,445.00,445.00
Dunhill Switch,445.00,445.00
Embassy King,435.00,435.00
Embassy Light,435.00,435.00
Eristoff 375ml,350.00,350.00
Everest Vodka 250ml,127.00,126.00
Excellency 250Ml,200.00,200.00
Expresion Sweet Red 750ml,"1,140.00","1,135.00"
Expresion Sweet Rose 750ml,"1,050.00","1,050.00"
Expresion Sweet White 750ml,"1,050.00","1,050.00"
Extra Ordinary 250Ml,239.00,238.00
Extra Ordinary 750Ml,630.00,620.00
Famous Grouse 1Lt,"2,270.00","2,260.00"
Famous Grouse 350Ml,"1,000.00",990.00
Famous Grouse 4.5ltrs,"14,380.00","14,380.00"
Famous Grouse 750Ml,"1,760.00","1,750.00"
Fanta 350ml,40.00,40.00
Fanta Black Current  1.25L,120.00,120.00
Fanta black current 500ml,70.00,70.00
Fanta Orange 1.25ltr,120.00,120.00
Fanta Orange 2 Ltr,110.00,110.00
Fanta Orange 500ml,70.00,60.00
Fanta passion 500ml,60.00,70.00
Fanta  Pineapple 500ml,70.00,70.00
Faxe Beer 500Ml,283.00,282.00
Flirt  Apple 1L,"1,140.00","1,135.00"
Flirt Apple 200Ml,261.00,258.00
Flirt Apple 700ml,990.00,985.00
Flirt Chocolate 1L,"1,140.00","1,135.00"
Flirt Chocolate 350ml,350.00,345.00
Flirt Chocolate 700ml,"1,030.00",985.00
Flirt Lemon 1ltr,"1,140.00","1,135.00"
Flirt Lemon 700ml,850.00,985.00
Flirt Orange 1L,"1,380.00","1,375.00"
Flirt Orange 375Ml,350.00,345.00
Flirt Orange 700ml,990.00,985.00
Flirt Strawberry 1L,"1,140.00","1,135.00"
Flirt strawberry 375ml,360.00,360.00
Flirt Strawberry 700ml,"1,030.00",985.00
Flirt Vodka 1L,"1,140.00","1,385.00"
Flirt Vodka 375Ml,250.00,250.00
Flirt Vodka 700ml,990.00,990.00
Flirt Vodka Black 1lrt,"1,140.00","1,385.00"
Flirt Vodka  Silver 250ml,250.00,245.00
Flying Horse Gin 250ml,120.00,119.00
Formentera white 750,617.00,608.00
Fortune Brandy 250ML,116.00,115.00
Fragolino Bianco  750ml,"2,045.00","2,040.00"
Fragolino Rosso 750ml,"2,045.00","2,040.00"
freestyler mango &passion can,199.00,198.00
freestyler  orange &lemon can,199.00,198.00
Frontera Cabernet Sauv 1.5ltr,"2,138.00","2,128.00"
Frontera Cab Sav 750ml,"1,130.00","1,125.00"
Frontera Chardonnay 750ml,"1,130.00","1,125.00"
Frontera Late Harvest 750ml,"1,130.00","1,125.00"
Frontera Merlot 750ml,"1,130.00","1,125.00"
Frontera Sweet Red 750ml,"1,130.00","1,125.00"
Fronterra Cabarnet Sauv Brush 250Ml,250.00,250.00
Fronterra  Sauv Blanc 750Ml,"1,130.00","1,125.00"
Fronterra Shiraz 750Ml,980.00,"1,125.00"
Furaha brandy 250ml,190.00,188.00
Gato Negro Sweet Red 750,950.00,945.00
Gato Negro Sweet  White  750,935.00,930.00
General meakins 250ml,218.00,217.00
General Meakins 750ml,640.00,635.00
Gibson Gin 1 ltr,"1,450.00","1,444.00"
Gibsons Clear 750ml,"1,270.00","1,260.00"
Gibsons Pink 750ml,"1,535.00","1,530.00"
Gilbeys 1/2,590.00,588.00
Gilbeys 1/4,425.00,423.00
Gilbeys 3/4,"1,267.00","1,261.00"
Gilbeys mixedberry 250ml,425.00,423.00
Gilbeys mixedberry 350ml,590.00,588.00
Gilbeys Mixed Berry 750ml,"1,273.00","1,261.00"
GIN MG  750ML,"1,400.00","1,400.00"
Glass Pt6 Satco,44.00,44.00
Glendale whisky 1ltr,"2,300.00","2,288.00"
Glendale whisky 750ML,"1,725.00","1,715.00"
Glenfiddich 12yrs 1l,"8,520.00","8,480.00"
Glenfiddich 12yrs 750ml,"6,150.00","6,120.00"
Glenfiddich 15yrs 1ltr,"10,990.00","10,990.00"
Glenfiddich 15yrs 750ml,"8,790.00","8,750.00"
Glenfiddich 18 yrs 750ml,"13,205.00","13,145.00"
Glenlivet 12yrs 1L,"8,520.00","8,450.00"
Glenlivet 12yrs 750ml,"6,000.00","6,120.00"
GLENLIVET 15YRS 750ML,"4,950.00","4,950.00"
GLENLIVET RESERVE 750ML,"3,700.00","3,700.00"
GOFRUIT APPLE 1LTR,130.00,127.00
GOFRUIT LEMON MINT 1LTR,130.00,127.00
GOFRUIT MANGO 1LTR,130.00,127.00
GOFRUIT MULTI-FRUIT 1LTR,130.00,127.00
GOFRUIT ORANGE 1 LTR,130.00,130.00
Gold Seal 16%,195.00,194.00
Gordon Gin 375ml,874.00,865.00
GORDON PINK 700ML,"1,914.00","1,895.00"
gordons dry & tonic 330ml,199.00,198.00
Gordons Gin 1 ltr,"2,371.00","2,348.00"
Gordons Gin 750,"1,997.00","1,978.00"
Gordons Orange 700ml,"1,914.00","1,895.00"
Gordons Pink Gin 1L,"2,280.00","2,348.00"
gordons pink & tonic 330ml,199.00,198.00
Grade France Brut 750ml,"2,050.00","2,050.00"
Grade France Ice 750ml,"1,600.00","1,590.00"
Grade rose sparkling wine 750ml,"1,110.00","1,105.00"
Grade semi sweet sparkling wine 750,"1,147.00","1,140.00"
Grand Master's Whisky 750,625.00,620.00
Grants 1/2,735.00,730.00
Grants 1l,"1,900.00","1,890.00"
Grants Select Reserve 750ml,"1,850.00","1,850.00"
Grants Tripple 750ml With Glass,"1,630.00","1,615.00"
Grants  with Box 1 ltr,"2,245.00","2,235.00"
Grants with glass 1ltr,"1,980.00","1,950.00"
Grants With Glass 750ml,"1,810.00","1,800.00"
Grants Without  Glass 3/4,"1,675.00","1,670.00"
Grayson Gold Whiskey 750ml,"1,255.00","1,250.00"
GRAYSON WHISKEY 250ML,262.00,260.00
GRAYSON WHISKEY 750ML,732.00,730.00
Grenadine Syrup 750ml,357.00,355.00
Guinness Can 500Ml,223.00,222.00
Guinness Smooth 500ml,205.00,204.00
Hampton 750ml,"1,295.00","1,289.00"
Harvey Bristol Cream 750ml,"1,970.00","1,950.00"
Heineken 0.0 bottle 330ml,203.00,202.00
Heineken Bottle  330Ml,230.00,229.00
Heineken can 500ml,276.00,275.00
Hennessy Vs 350ml,"2,265.00","2,255.00"
Hennessy Vs 700ml,"4,650.00","4,600.00"
Hennessy VSOP 1LTR,"12,300.00","12,300.00"
HENNESSY VSOP 700ML,"9,000.00","9,000.00"
Herdsman 250ml,375.00,373.00
Herdsman Whisky 500ml,785.00,780.00
Highlands Queen 350ml,425.00,420.00
Highlands Queen 750ml,830.00,820.00
Highlife Medium Sweet 350Ml,200.00,200.00
Hike Premium 4.8 %,175.00,174.00
Hlibny Dar Classic vodka 250ml,352.00,350.00
Hlibny Dar  Corn 1ltr,"1,450.00","1,442.00"
Hlibny Dar  Ginger &Honey 1ltr,"1,450.00","1,442.00"
HOLA COLA 301ML,26.00,25.00
HOLA GREEN 301ML,26.00,25.00
HOLA MOJITO,26.00,25.00
HOLA ROSE 301ML,26.00,25.00
HOLA SWEET LIMAO 301ML,26.00,25.00
Hunters Chce 1/4,283.00,282.00
Hunters Chce 3/4,850.00,845.00
Hunters Chce 350Ml,407.00,406.00
Hunters Dry,197.00,196.00
Hunters Dry bottle,18.00,18.00
Hunters Dry  Cider 330ml Carton,197.00,196.00
Hunters Dry Cider Carton 330ml,190.00,190.00
Hunters Dry Crate,140.00,140.00
Hunters Gold,197.00,196.00
Hunters gold bottle,18.00,18.00
Hunters Gold Cider 330ml carton,197.00,196.00
Hunters gold crate,140.00,140.00
Hunting Lodge Apple 1L,816.00,812.00
Hunting Lodge Apple 750ml,685.00,680.00
Hunting Lodge Chocolate 1L,816.00,812.00
Hunting Lodge Chocolate 750ml,685.00,680.00
Hunting Lodge  Dry Gin 750ml,870.00,865.00
Hunting Lodge Vodka 750ml,685.00,680.00
Hunting Lodge Whiskey  1 ltr,"1,545.00","1,540.00"
Hunting Lodge Whisky 750ml,"1,130.00","1,125.00"
Huzzah Whisky 250ml,231.00,230.00
Icon Brandy 250ml,135.00,134.00
Icon Vodka 250ml,144.00,143.00
Identity Brandy 250ml,156.00,155.00
Identity Gin 250ml,156.00,155.00
Identity Vodka,156.00,155.00
Iice Apple 375Ml,319.00,317.00
Imagin 250ml,201.00,200.00
Imperial Blue 250ml,370.00,368.00
Imperial Blue 375ml,555.00,554.00
Imperial Blue 750ml,"1,015.00","1,010.00"
Imperial Blue Giftpack 750ml,830.00,830.00
Irish 750ml,690.00,685.00
Irish Reserve 375ml,367.00,365.00
Jack Daniel Honey 700Ml,"3,350.00","3,300.00"
Jack Daniels 1 Lt,"3,150.00","3,100.00"
Jack Daniels 375 Ml,"1,845.00","1,840.00"
Jackdaniels 700Ml,"2,900.00","2,890.00"
Jack Daniels Honey 1L,"3,745.00","3,730.00"
JACK DANIELS HONEY 350ML,"1,400.00","1,400.00"
Jagermeister 1L,"2,760.00","2,750.00"
Jagermeister 700 Ml,"2,270.00","2,258.00"
Jagermeister  With Cork 1ltr,"2,850.00","2,840.00"
Jagermeister  with Cork 700ml,"2,350.00","2,300.00"
JAGUAR ENERGY 250ML,128.00,125.00
JAGUAR ENERGY 500ML,158.00,155.00
Jamaican Rum 750ml,680.00,675.00
Jameson 1L,"3,310.00","3,295.00"
Jameson 375Ml,"1,240.00","1,234.00"
Jameson 750Ml,"2,483.00","2,472.00"
Jameson Black Barrel  750ml,"4,107.00","4,088.00"
J&B Rare 1L,"1,951.00","1,942.00"
J&B Rare 375ml,813.00,809.00
J&B Rare 750ml,"1,545.00","1,537.00"
J C LEROUX LA  FLEURETTE 750ML,"1,460.00","1,450.00"
JC LE ROUX LE DOMAINE 750ML,"1,460.00","1,450.00"
Jim Beam 1Litre,"2,510.00","2,495.00"
Jim Beam 350ml,860.00,850.00
JIM BEAM 750ML,"1,930.00","1,925.00"
John BANNERMANS 750ML,"1,260.00","1,250.00"
John Barr Black 1 ltr,"1,750.00","1,720.00"
John Barr Black 750ml,"1,620.00","1,615.00"
John Barr Red 1 ltr,"1,560.00","1,550.00"
John Barr Red 750ml,"1,307.00","1,300.00"
JOSE CUERVO  GOLD 1L,"2,750.00","2,700.00"
JOSE CUERVO  GOLD  750ML,"2,400.00","2,350.00"
JOSE CUERVO SILVER 1L,"2,665.00","2,652.00"
JOSE CUERVO  SILVER 750ML,"2,405.00","2,395.00"
JUA KALI 330ML,165.00,164.00
Juicy Steak Red 750ml,940.00,940.00
Jura Whisky 10 Years,"4,363.00","4,300.00"
Just Right Smooth 250ml,186.00,185.00
J/Walker Black 1 Lt,"3,805.00","3,790.00"
J/Walker Black 3/4,"3,035.00","3,020.00"
J/Walker Black 375Ml,"1,581.00","1,566.00"
J/Walker Red 1L,"2,044.00","2,024.00"
J/Walker Red 3/4,"1,668.00","1,652.00"
J/Walker Red 375Ml,874.00,865.00
J/W Black 250ml,"1,082.00","1,071.00"
J/W Blonde 750ml,"2,080.00","2,075.00"
J/W Double Black  1l,"5,491.00","5,438.00"
j/w Double black 750ml,"4,205.00","4,165.00"
J/W Gold Lable 750ml,"5,550.00","5,500.00"
J/W Green Lable 750ml,"6,826.00","6,793.00"
J/W  Red 250ml,582.00,577.00
J/W  White Lable 750ML,"3,251.00","3,235.00"
Kahawa Gold,"1,280.00","1,275.00"
Kahawa Liquer,810.00,805.00
Kakira Coffee Vodka  250ml,485.00,480.00
Kakira Coffee  Vodka 750ml,"1,300.00","1,290.00"
Kakira Gin 250ml,360.00,355.00
Kakira Gin 750ml,"1,125.00","1,120.00"
Kane Exra 250ml,202.00,200.00
Kane extra 750ml,599.00,593.00
KC CITRUS 750ML,680.00,677.00
Kc Pineapple 250ml,261.00,259.00
Kensington Dry Gin 750ml,835.00,830.00
Kenya Cane 1/2,361.00,359.00
Kenya Cane 1/4,261.00,259.00
Kenya Cane 3/4,690.00,683.00
Kenya Cane Citrus 250ml,260.00,260.00
Kenya Cane Citrus 750ml,750.00,750.00
Kenya Cane  Coconu 1/4,261.00,259.00
Kenya Cane Lemon&Ginger 250ml,268.00,267.00
Kenya Cane Lemon&Ginger 750ml,705.00,702.00
Kenya Cane Pineapple 750ml,705.00,702.00
Kenya Gold 250ml premium,168.00,167.00
Khor Black & Gold 1L,"2,040.00","2,035.00"
Khor Black & Gold 1ltr Gift pack,"2,600.00","2,590.00"
Khor platinum vodka 1.75l,"2,470.00","2,465.00"
Khor platinum vodka 1ltr,"1,330.00","1,325.00"
Khor Structured Vodka  1ltr,"1,640.00","1,630.00"
Khor White & Gold 1L,"2,040.00","2,035.00"
Khor White & Gold 1ltr Gift Pack,"2,600.00","2,590.00"
Kibao Gin 250ml,214.00,213.00
Kibao Gin 350ml,323.00,321.00
Kibao Gin 750ml,600.00,598.00
Kibao Vodka 1/2,342.00,339.00
Kibao Vodka 1/4,226.00,225.00
Kibao Vodka 3/4,632.00,629.00
Kienyeji 250ml,218.00,217.00
Kienyeji 750ml,455.00,450.00
Kikao 250ml,238.00,237.00
Kikao  750ml,700.00,697.00
kikao Gin 350ml,360.00,355.00
kingfisher  strawberrt crate,140.00,140.00
Kingfisher Strawberry 300Ml,187.00,185.00
Kingfisher Strawberry Bottle,18.00,18.00
Kings Carrier Bag 10,10.00,10.00
Kings Carrier Bag 15,15.00,15.00
Kings carrier bag 20,20.00,20.00
Kiss Me Now 750ml,"1,515.00","1,510.00"
K King 250Ml,222.00,220.00
K King 3/4,650.00,648.00
Knight 200Ml,300.00,300.00
Knight 350Ml,400.00,400.00
ko Apple and Lime  330ML,230.00,229.00
KO Apple & Ginger 330ml,230.00,229.00
KO Blush Gin 750ml,"2,120.00","2,110.00"
KO CLASSIC GIN 750ML,"2,120.00","2,110.00"
KO Classic Tonic  Can 200ml,105.00,104.00
Ko Dry Cider 330ml,160.00,160.00
Ko Dry Cider 500ml  Can,195.00,195.00
KO HONEY AND LEMON CAN 330ML,230.00,229.00
KO Honey & Lemon 330ml,230.00,229.00
KO Light Tonic  Can 200ml,105.00,104.00
KO Lime & Ginger 330ml,230.00,229.00
Ko Lime & Ginger  330ml  Can,229.00,229.00
KO Mango & Chilli 330ml,230.00,229.00
Ko Mango & Chilli 330ml Can,230.00,229.00
Konyagi 1/4,230.00,228.00
Konyagi 500ml,470.00,468.00
Konyagi 750ml,662.00,660.00
KO Passion African Ice Tea  Can 330ml,150.00,150.00
KO Passion Fruit and Lime 330ml Can,230.00,229.00
KO Passion Lime 330ml,230.00,229.00
KO Pineapple Mint 330ml,230.00,229.00
Ko Pineapple  & mint  can 330ml,230.00,229.00
KO Rose& Cucumber Tonic Can 200ml,105.00,104.00
KO TAMBUZI,"2,120.00","2,110.00"
KO Tropical African Ice Tea can,150.00,150.00
KO Turmeric& Chilli Tonic 200ml,105.00,104.00
Krest 1.25 Ltr,125.00,125.00
Krest 350 Ml,40.00,40.00
Krest 500 Ml,70.00,70.00
K VANT 250ML,315.00,312.00
K VANT 750ML,"1,045.00","1,040.00"
LABEL 5 BLENDED SCOTCH  WHISKY  750ML,"1,260.00","1,250.00"
Lambrusco  wine 750,400.00,400.00
Larios Gin Original 750ml,"1,383.00","1,363.00"
Legend 250ml,200.00,198.00
Legend 750ml,545.00,542.00
Legend black label 250ml,170.00,170.00
Legend Brandy 350ml,227.00,225.00
Lemonade Drink 300ml,39.00,38.00
LEMONADE KWAL,40.00,40.00
LEMONADE VODKA 330ML,155.00,154.00
Lemon Punch 250ml,170.00,168.00
Lemon Punch 750ml,518.00,515.00
Les Damiers Sweet Red 750ml,395.00,390.00
Les Damiers Swt Rose 750ml,395.00,390.00
Les Damiers Swt White 750ml,395.00,390.00
Liberty Brown 250ml,225.00,224.00
Lifeguard Studded,620.00,620.00
Lime Cordial 1.5L,238.00,237.00
Lime Cordial 700Ml,124.00,123.00
Lime mixer 300ml,47.00,46.00
Lion Export Premium 8%,265.00,265.00
Lion  extra  strong 12%,270.00,270.00
Lion Stout 8%,285.00,280.00
LUCOZADE 1 LTR,238.00,237.00
LUCOZADE ORANGE 500ML,196.00,195.00
LUCOZADE ORIGINAL 500ML,196.00,195.00
Luksusowa Vodka 750ml,555.00,553.00
Macmohan 750,935.00,930.00
Madafu,743.00,740.00
Magic Moments Orange 375Ml,400.00,400.00
Malibu Caribear Rum 750ml,"1,950.00","1,900.00"
Malibu Coconut 1L,"2,450.00","2,445.00"
Manyatta Bottle,17.00,17.00
Manyatta Cider,230.00,229.00
Manyatta Crates,335.00,335.00
Manyatta Lemon,230.00,229.00
Manyatta Mango,230.00,229.00
Manyatta Pineapple,230.00,229.00
Manyatta Pineapple Can 330ml,250.00,249.00
MARA NYEKUNDU,"1,065.00","1,060.00"
Mara Nyekundu 250ml,250.00,250.00
Mara Nyeupe 250ml,250.00,250.00
Mara Nyeupe 750ml,"1,065.00","1,060.00"
MARA TAMU RED 750ML,"1,020.00","1,015.00"
MARA TAMU ROSE 750ML,"1,020.00","1,015.00"
Marengo Sweet Rose 750ml,"1,345.00","1,340.00"
Marengo sweet white sparkling 750ml,"1,345.00","1,340.00"
Martell Blue Swift 700ml,"9,153.00","9,110.00"
MARTELL VSOP 1L,"10,990.00","10,940.00"
Martel VS 1 LTR,"7,155.00","7,120.00"
Martel Vs 700ml,"5,026.00","5,006.00"
Martel Vsop 700Ml,"7,915.00","7,877.00"
MARTENS BEER 10% 500ML,232.00,230.00
Martens Strong 16.2% 500ml,252.00,250.00
MARTINI BIANCO 750ML,"2,432.00","2,420.00"
Martini Rosso 750ml,"2,212.00","2,200.00"
Meakins orange 250ml,200.00,200.00
Meakins orange 750ml,606.00,603.00
Meakins Vodka 250ml,211.00,210.00
Meakins Vodka 3/4,606.00,603.00
Meracki Citrus 250Ml,236.00,232.00
Metropolitan 750,250.00,250.00
Mikando Cherry 700ml,"1,288.00","1,285.00"
Mikando Swt Red Black Berry 700ml,"1,025.00","1,020.00"
Mikando Swt Red Plum 700ml,"1,288.00","1,285.00"
Mikando Swt White Passion 700ml,"1,025.00","1,020.00"
Mikando Swt White Pineapple 700ml,"1,025.00","1,020.00"
Mikando Swt White Plum 700ml,"1,025.00","1,020.00"
Milano Bianco 750Ml,412.00,412.00
Minute Maid Mango 1ltr,195.00,190.00
Minute Maid Tropical 1ltr,195.00,190.00
Mistral Apple 250Ml,225.00,220.00
Mistral Apple 750Ml,650.00,645.00
Mistral Chocolate 750ml,650.00,645.00
Mistral Distilled 250Ml,195.00,194.00
Mistral Distilled 750Ml,664.00,661.00
Mistral Mango 250Ml,225.00,220.00
Mistral Mango 750Ml,650.00,645.00
Mistral Strawberry 750ml,650.00,645.00
Mohan'S Sweet Red 750Ml,715.00,710.00
Mohans Sweet White 750ml,715.00,710.00
Monster Mucho Blue 500ml,197.00,195.00
Monster Original 500Ml,197.00,195.00
Monster Rossi 500ml,197.00,195.00
Monster White 500ml,197.00,195.00
moonwalker 750,350.00,350.00
Morning Lock Vodka 250nl,265.00,260.00
Mr Dowel 250ml,283.00,280.00
MR DOWELL 750ML,807.00,800.00
Musketeer 250Ml,194.00,193.00
Musketeer 750Ml,735.00,730.00
Myers Rum 1Lt,"2,335.00","2,335.00"
Myers Rum 750Ml,"1,700.00","1,690.00"
Namaqua swt Red  3/4,803.00,799.00
Napoleon 250Ml,222.00,220.00
Napoleon 3/4,650.00,648.00
Napoleon Crown 250Ml,262.00,260.00
Napoleon Crown 750Ml,730.00,726.00
Natures Fresh Red Grape 1lt,172.00,171.00
Nederbrg 5600 Cab. Sauvignon 750Ml,"1,920.00","1,910.00"
Nederbrg Merlot 750Ml,"1,920.00","1,910.00"
Nederbrg Sauvignon Blanc 750Ml,"1,555.00","1,550.00"
Nederburg Brut  750ml,450.00,450.00
Nederburg Cab. Sauv. 750ml,"1,920.00","1,910.00"
Nederburg Chardony750ml,"1,652.00","1,645.00"
Nederburg  MH Cab Sav 750ml,"2,600.00","2,605.00"
Nederburg Pinotage 750,"1,910.00","1,910.00"
Nederburg Shiraz  750ml,"1,910.00","1,910.00"
Neon Premium 375ml,250.00,250.00
Nobile Bianco 750ml,"1,210.00","1,200.00"
Oak Cask 700Ml,802.00,798.00
Obikwa Chardony 750ml,400.00,400.00
Obikwa  Merlot 750ml,400.00,400.00
Obikwa Sauvignon 750ml,400.00,400.00
Obolon Extra Strong 12%,182.00,180.00
Officer`S  Blue 750Ml,875.00,870.00
Officer'S  Prestige 375Ml,250.00,250.00
Officer`S  Prestige 750Ml,890.00,885.00
OJ 12 %,262.00,260.00
OJ 16%,348.00,346.00
OJ 20%,364.00,362.00
Old Admiral 375,300.00,300.00
Old Monk Rum 375Ml,410.00,405.00
Old Monk Rum 750ml,"1,045.00","1,040.00"
Old Smuggler 700Ml,"1,165.00","1,160.00"
Olepasu 750ml,650.00,650.00
OPM Vodka 250ml,323.00,320.00
OPM VODKA 375ML,560.00,556.00
OPM  VODKA 750ML,930.00,920.00
Oreanda Carbanet 750ml,"1,050.00","1,050.00"
Oreanda  Chardonnay 750ml,"1,050.00","1,050.00"
Orienda Brut 750ml,"1,400.00","1,390.00"
Origin 250Ml,236.00,235.00
Origin 750ml,632.00,626.00
Overmeer  Grand Cru 5 Ltrs,"3,450.00","3,400.00"
Overmeer Red 5 Ltr,"3,450.00","3,400.00"
Paddy Irish Whisky 750ml,"1,250.00","1,240.00"
PALL MALL,167.00,167.00
Passport 750ml,"1,100.00","1,095.00"
Passport Whisky 1L,"1,355.00","1,355.00"
Patriot Gin 250ml,190.00,187.00
Patriot vodka 250ml,190.00,187.00
Patron Silver 375ml,"1,400.00","1,400.00"
Pearz Bay Breeze 300ml,135.00,130.00
Pearz Blackberry 300ml,135.00,130.00
Pearz Ocean Breeze,135.00,130.00
Pearz Sea Breaze 300ml,135.00,130.00
Penasol Dry Red 1L,785.00,780.00
Penasol dry red 750ml,785.00,780.00
Penasol Dry White 1L,785.00,780.00
Penasol Sangria 1.5L,"1,585.00","1,575.00"
Penasol Sangria 1L,"1,130.00","1,127.00"
Penasol Sweet  Red 1L,785.00,780.00
Penasol Sweet White 1L,785.00,780.00
PEOPLE VODKA 2,105.00,105.00
PEOPLE VODKA  250ML,130.00,129.00
Pervak 750ml,"1,065.00","1,060.00"
Pervak Vodka 1L,"1,245.00","1,240.00"
Pervak Vodka Pepper &Honey 1Ltr,"1,080.00","1,080.00"
Peterhoff Black Vodka 700ml,658.00,655.00
Peterhoff  Red Vodka 700ml,763.00,760.00
Pick N Peel Mango 1L,252.00,250.00
Pick N Peel Tropical 1L,252.00,250.00
PICK & PEEL  APPLE 1L,252.00,250.00
Pierre Marcel swt Red 750ml,993.00,993.00
Pierre marcel Swt white 750ml,993.00,993.00
Pilsner Can 500Ml,205.00,204.00
Pimms 750ml,"1,500.00","1,500.00"
piston,151.00,150.00
Plantaze Cabernet 750ml,"2,000.00","1,990.00"
Plantaze Chardonnay 750ml,"2,315.00","2,300.00"
Plantaze Merlot 750ml,"2,000.00","1,990.00"
Plantaze Rose 750ml,"1,530.00","1,520.00"
Plantaze Sauvignon 750ml,"2,315.00","2,300.00"
Plantaze Vranac  750ml,"2,235.00","2,225.00"
POPOV VODKA 750ML,600.00,600.00
Power Play 400ml,55.00,53.00
Predator Gold 400ml,56.00,54.00
Q1 GIN 750ML,732.00,730.00
Qube Energy,110.00,108.00
Radico Gold Supreme 250Ml,201.00,201.00
Rauch Apple,130.00,130.00
Rauch Mango 355ml,130.00,130.00
Rauch Orange,130.00,130.00
Rauch Red Grape  355ml,130.00,130.00
Rauch White Grape,130.00,130.00
Red Blaze  Energy 150ml,100.00,100.00
redbull 250ml,185.00,184.00
RedBull Red Edition 250ml,185.00,184.00
REDBULL  SUGARFREE 250,185.00,184.00
Red Star 250ml,200.00,196.00
Remy Martin Vsop 700,"7,175.00","7,140.00"
Reserve 375,367.00,365.00
RESERVE 7 750ML,785.00,780.00
Rhino Kubwa,40.00,40.00
Rhino Ndogo,30.00,30.00
Richot Brandy 1/2,591.00,588.00
Richot Brandy 1/4,425.00,423.00
Richot Brandy 3/4,"1,273.00","1,261.00"
Robertson Red 1.5l,"1,740.00","1,735.00"
Robertson swt red 750ml,"1,000.00",995.00
Robertson swt white 750Ml,"1,000.00",995.00
Robertson White 1.5L,"1,740.00","1,735.00"
Rocamar dry white 750,450.00,450.00
Rosso Nobile Chocolata 750,"1,210.00","1,200.00"
ROSSO NOBILE MARZIPAN 750ML,"1,210.00","1,200.00"
ROTHMANS MINT,352.00,352.00
Rothmans Switch,352.00,352.00
Royal Arms 750ml,890.00,880.00
Royal Circle 1ltr,"1,206.00","1,200.00"
Royal Circle 375ml,509.00,506.00
Royal Circle  750ml,"1,095.00","1,090.00"
Royal Circle Honey 750ml,"1,134.00","1,128.00"
Royal Circle Whisky Cola 250ml,262.00,260.00
ROYAL DUTCH 500ML 12%,225.00,224.00
ROYAL  DUTCH 500ML 14%,230.00,229.00
ROYAL DUTCH 500ML 16%,293.00,290.00
Royal Gold Whisky 750,575.00,570.00
Royal Stag 375ml,425.00,422.00
Royal Stag Whisky 750ml,926.00,922.00
RTN BOTTLES (SCHWEPPES),10.00,10.00
RTN CRATES (SCHWEPPES),220.00,220.00
Rum Black Head 750ml,635.00,630.00
Safari Cane 250Ml,197.00,195.00
Safari Cane 3/4,575.00,571.00
Safari Energy Booster,39.00,38.00
Safari King,210.00,210.00
Safari Menthol,210.00,210.00
Safari Orange 300ml,37.00,36.00
Safari Water 1L,40.00,39.00
Safari Water 500Ml,21.00,20.00
Safari Whisky 250ml,257.00,255.00
Safari Whisky 750Ml,776.00,773.00
SAFARI WHISKY GIFT PACK 750ML,855.00,850.00
Safi Water 1ltr,34.00,33.00
Safi Water 500ml,18.00,17.00
SAMANTHA  RED 750ML,"1,010.00","1,000.00"
SAMANTHA ROSE 750ML,925.00,925.00
SAMANTHA WHITE 750ML,"1,010.00","1,000.00"
SANANTHA ROSE 750ML,925.00,925.00
Santa Helena Dulce red 750ml,712.00,710.00
Savanna 0.0  330ml,243.00,243.00
Savanna Dry 330Ml,223.00,222.00
Savanna Dry Lemon 330ml,243.00,242.00
Savanna Light 330ml,243.00,242.00
Schweppes  Ginger Ale 330ml,55.00,50.00
Schweppes lemon Tonic 500ml,65.00,65.00
Schweppes Novida pineapple 300ml,50.00,48.00
Schweppes Tonic water 300,55.00,50.00
SCOTS GOLD BLACK 1L,"1,560.00","1,550.00"
SCOTS GOLD BLACK 750ML,"1,410.00","1,405.00"
SCOTS GOLD RED 1L,"1,410.00","1,405.00"
SCOTS GOLD RED 750ML,"1,200.00","1,196.00"
Scottish Leader 12yrs 750ml,"3,411.00","3,395.00"
Scottish Leader 3yrs  750ml,"1,678.00","1,669.00"
season lemu,34.00,33.00
Seasons lemonade,34.00,33.00
Shark 250Ml,164.00,163.00
SHERIDAN 1L,"4,576.00","4,532.00"
Shustoff Brandy 500ml,975.00,970.00
Sierra Tequila Silver 700ml,"1,935.00","1,925.00"
SINGLETON 12YRS 700ML DUFFTOWN,"4,745.00","4,720.00"
SINGLETON 15YRS 700ML DUFFTOWN,"6,530.00","6,500.00"
SINGLETON 700ML 12YRS,"4,713.00","4,690.00"
Sir Edwards 700ml,"1,310.00","1,300.00"
Sir Edward Whisky 1litre,"1,510.00","1,500.00"
Sir Edward Whisky 350ml,520.00,517.00
SKY VODKA 750ML,"1,250.00","1,250.00"
Smart Vodka 250ml,121.00,120.00
S MENTHOL,352.00,352.00
Smirnoff Black Ice Can 330Ml,181.00,180.00
SMIRNOFF CITRUS 1L,"1,563.00","1,563.00"
Smirnoff Guarana 330Ml,181.00,179.00
Smirnoff ice pineapple 330ml,181.00,180.00
SMIRNOFF ORANGE 1L,"1,563.00","1,563.00"
Smirnoff Red 1/2,590.00,588.00
Smirnoff Red 1L,"1,642.00","1,626.00"
Smirnoff Red 250ml,425.00,423.00
Smirnoff  Red 750ml,"1,273.00","1,261.00"
Snapp  Can 330Ml,181.00,180.00
Snapp Dry Can,287.00,285.00
Southern  Comfort 1l,"2,195.00","2,185.00"
Southern Comfort 375Ml,625.00,620.00
Southern Comfort 700 ml,"1,970.00","1,950.00"
Sports,352.00,352.00
Sprite 1.25,120.00,110.00
Sprite 500 Ml,70.00,70.00
St Anna,655.00,651.00
Star Walker 750ml,"1,205.00","1,200.00"
St Celin00Ml,700.00,690.00
Steam Energy Original 300ml,31.00,30.00
Steam Original Energy 400ml,45.00,44.00
Steam Power Black 300ml,31.00,30.00
Steam Power Black 400ml,45.00,44.00
Steam  Power Energy 400ml,45.00,44.00
Steam Recharge 300ml,31.00,30.00
Steam Recharge 400ml,45.00,44.00
STERLING RESERVE B7 WHISKY 750ML,900.00,897.00
Stoney 500ml,70.00,60.00
STUMBRAS VODKA 350ML,564.00,561.00
Supermatch Kings,170.00,170.00
Supreme Vodka 250ml,150.00,149.00
Supreme Vodka 750ml,560.00,557.00
sweet berry2,100.00,100.00
Sweet Berry Vodka  250ml,116.00,115.00
Symba Vodka 250ml,174.00,173.00
TAIFFA VODKA 250ML,230.00,228.00
TAIFFA VODKA 750ML,630.00,625.00
Tanqueray 10 yrs 1 LTR,"5,005.00","4,980.00"
Tanqueray  10 yrs 750ML,"4,185.00","4,165.00"
Tanqueray  Gin 1ltr,"3,115.00","3,105.00"
Tanqueray Gin 750ml,"2,355.00","2,345.00"
Tanqueray Rangpur lime 700ml,"2,350.00","2,345.00"
Tanquery Sevilla  1 ltr,"3,250.00","3,235.00"
Tassenberg dry red wine 750ml,400.00,400.00
Teachers Whisky 1L,"1,933.00","1,924.00"
Teachers Whisky 750Ml,"1,724.00","1,716.00"
Teeling Small Batch 700ml,"2,430.00","2,400.00"
Teeling Whisky 700ml,"2,935.00","2,900.00"
Tequila Camino Gold 750ml,"2,260.00","2,250.00"
Tequila Rose 700ml,"2,038.00","2,028.00"
The Wilshire whisky 750ml,"1,100.00","1,095.00"
Three Barrel 1L,"2,350.00","2,340.00"
Tiger Eye 1 ltr Blanca Glass Pack,"1,095.00","1,090.00"
Tiger Eye 1 ltr Dark Glass Pack,"1,095.00","1,090.00"
Tiger Eye 750ml,948.00,943.00
Time Menthol Plus,183.00,183.00
Time Virginia Blend,183.00,183.00
Tonic Water 500 Ml,75.00,75.00
Top secret 250ml,264.00,263.00
Top Secret Whisky 750Ml,725.00,720.00
Torrero 250ml,275.00,273.00
Torrero 750ml,700.00,697.00
Tot measure,800.00,800.00
Trace vodka 250ml,156.00,155.00
Trace Vodka 250ml 2,100.00,100.00
Tribal Vodka 250ml,166.00,165.00
Triple Ace 250ml,217.00,215.00
Tripple Ace 750ml,567.00,562.00
Trust Classic,620.00,620.00
Trust Studded,985.00,980.00
Tulivu 1L,33.00,33.00
Tulivu 500ml,17.00,17.00
Tulivu  Executive 1L,47.00,47.00
Tulivu Executive 500ml,17.00,17.00
Tullamore 1ltr,"3,675.00","3,655.00"
Tullamore 750Ml,"2,635.00","2,625.00"
Tumbler 200ml,10.00,10.00
Tumbler 300ml,10.00,10.00
Tusker Can 500Ml,205.00,204.00
Tusker Cider Can 500ml,241.00,240.00
Tusker Lite 500Ml,250.00,249.00
Tusker Malt 500Ml,250.00,249.00
TWO KEYS 750ML,889.00,884.00
Tycoon Vodka 250ml,97.50,97.50
U gin 250ml,264.00,263.00
U gin 750ml,668.00,665.00
UPRISE  500ML,252.00,250.00
Urban Whisky 250ml,378.00,375.00
Urban Whisky 750ml,925.00,925.00
V&A 250Ml,303.00,301.00
V&A 3/4,790.00,783.00
Van Lovelen Blanc 750ml,492.00,490.00
Vat 69 1/2,765.00,761.00
VAT 69 1L,"1,785.00","1,780.00"
Vat 69 250ml,522.00,519.00
Vat 69 3/4,"1,423.00","1,409.00"
VBELO URBAN VIBE,290.00,290.00
Velo Indigo Blue 3dot,375.00,375.00
Velo Jade Green 3dot,375.00,375.00
VELO URBAN,290.00,290.00
VELO VALUE PACK UV,590.00,590.00
Versus Sweet Red 750ml,853.00,851.00
Versus Sweet White 750ml,853.00,851.00
Viceroy 10 Yrs 750ml,"3,006.00","2,991.00"
Viceroy 1/2,632.00,629.00
Viceroy 1/4,433.00,431.00
Viceroy 3/4,"1,225.00","1,218.00"
Viceroy With Glass 750ml,"1,100.00","1,100.00"
Vina Lastra White 750ml,695.00,685.00
Vintage 250ml,238.00,237.00
Vintage 350ml,360.00,355.00
Vintage 750ml,700.00,697.00
Waragi 250ml,212.00,210.00
Waragi gin 750ml,630.00,625.00
Weidmann Super Strong 12%,175.00,173.00
White Cap Can,223.00,222.00
White Cap  Crisp Can,240.00,238.00
White House 375ml,493.00,490.00
White House 750Ml,960.00,955.00
WHITE LACE GIN 1 LTR,"1,560.00","1,550.00"
white lace gin 500ml,780.00,775.00
White Owl 750ml,665.00,660.00
whitepearl 250ml,200.00,199.00
White Pearl 750 Ml,645.00,642.00
Whitepearl Pink 250ml,203.00,202.00
Whitepearl Pink 750ml,595.00,593.00
Whytehall Fire 1l,"1,410.00","1,405.00"
Whytehall honey 1lt,"1,410.00","1,405.00"
Wiliam Lawsons apple can 330ml,175.00,174.00
William Cola Can 330ml,175.00,174.00
William Lawson 1L,"2,215.00","2,203.00"
William Lawsons 1.5L,"2,705.00","2,689.00"
William Spiced 750ml,"1,688.00","1,680.00"
Willian Lawson 375Ml,865.00,860.00
Willian Lawson 750Ml,"1,663.00","1,655.00"
Wilson Whiskey 750ml,"1,760.00","1,750.00"
Windhoek 330ml Draught,188.00,187.00
Windhoek 330ml LGR,188.00,187.00
W water 1ltr,34.00,33.00
W water 500ml,19.00,19.00
Yatta Apple 1L,189.00,188.00
Yatta Juice Red 1L,189.00,188.00
Yatta Juice White 1L,189.00,188.00
Yatta Mango 1L,189.00,188.00
Yatta Tropical 1L,189.00,188.00
Zanzi Cappucino Cream 750Ml,900.00,895.00
Zappa Blue 750Ml,"1,300.00","1,290.00"
Zappa Red 750Ml,"1,470.00","1,450.00"