CASH,,,,"JWINES KASARANI ENTERPRISES LTD
BRANCH-LONAK PLAZA KASARANI (opposite club switch kasarani)MAIN OFFICE -NEXT TO THE COLD STORAGE EASTERN BY PASS
PIN: P051615405A
Box:jwines kasarani - 100 , NAIROBI Tel: 254759285500  Mobile: 254794262979
Email: jwineskasarani@gmail.com",
Price List,,,,,
,,,,,
,,,,,
Pricelist,Product Code,Product Name,,,Selling Price
22,INV781,1659 CLASSIC RED 750ML,,,"1,342.00"
22,INV784,1659 SAUV BLANC 750ML,,,"1,342.00"
22,INV782,1659 SWEET RED 750ML,,,"1,342.00"
22,INV783,1659 SWEET ROSE 750ML,,,"1,342.00"
22,INV753,1942 DON JULIO ANEJO  750ML,,,"37,400.00"
22,INV683,2 SHARE SWEET RED 750ML,,,692.15
22,INV684,2 SHARE SWEET  WHITE 750ML,,,692.15
22,INV003,4TH STREET 1.5L,,,"1,735.05"
22,INV004,4TH STREET 3L,,,"1,575.00"
22,INV005,4TH STREET RED 5LT,,,"4,148.84"
22,INV006,4TH STREET RED 750ML,,,888.16
22,INV007,4TH STREET WHITE 5L,,,"3,980.30"
22,INV008,4TH STREET WHITE 750ML,,,888.16
22,INV00104,58 CLASSIC GIN 350ML,,,597.06
22,INV836,58 CLASSIC G& T330ML CAN,,,217.00
22,INV586,58 CLASSIC SQUARE GIN 750ML,,,"1,322.17"
22,INV00105,58 SPICED ORANGE  GIN 350ML,,,597.06
22,INV835,58 spiced orange G&T 330ML CAN,,,217.00
22,INV00126,58 SPICED ORANGE SQUARE GIN 750ML,,,"1,322.17"
22,INV837,58 VERY BERRY G & T 330ML CAN,,,217.00
22,INV672,7 HILLS RED 750ML,,,748.00
22,INV673,7 HILLS SWEET ROSE 750ML,,,748.00
22,INV674,7 HILLS WHITE 750ML,,,748.00
22,INV794,8.6 ORIGINAL BEER 500ML CAN,,,277.00
22,INV009,8 PM 1L,,,"1,060.00"
22,INV00439,8 PM FIRE 750ML,,,"1,049.40"
22,INV0011,8 PM HONEY 750ML,,,"1,049.40"
22,INV00438,8 PM WHISKY 750ML,,,901.00
22,INV766,ABERLOUR 16 YO DBL 700ML,,,"10,077.00"
22,INV767,ABERLOUR SINGLE MALT 12 YO 700ML,,,"6,103.00"
22,INV695,ABSOLUTE RASPBERRI 750ML,,,"1,920.49"
22,INV700,ABSOLUTE VANILLA 750ML,,,"1,920.49"
22,INV0013,ABSOLUTE VODKA 1L,,,"2,401.43"
22,INV897,ABSOLUT MANDRIN 750ML,,,"1,920.00"
22,INV0012,ABSOLUT VODKA 750ML,,,"1,804.08"
22,INV00118,ABSOLUT VODKA CITRON 750ML,,,"1,867.14"
22,INV869,ABSOLUT VODKA MANGO 750ML,,,"1,920.00"
22,INV00324,ACE BLACK 1L,,,"1,470.00"
22,INV0014,ACE BLACK 750ML,,,"1,150.25"
22,INV0016,AFRIBULL  cafe 750ML,,,828.00
22,INV0015,AFRIBULL CAFE RUM 100ML,,,"1,352.56"
22,INV00461,ALL CLASSIC ENERGY DRINK,,,166.40
22,INV718,ALL SEASON 1L,,,"1,325.00"
22,INV0018,ALL SEASONS 250ML,,,399.00
22,INV0020,ALLSEASONS 350ML,,,582.40
22,INV0019,ALL SEASONS 750ML,,,"1,164.80"
22,INV0021,ALTA WINE,,,"1,113.00"
22,INV0022,AMARULA 1 L,,,"2,226.00"
22,INV0023,AMARULA 350ML,,,"1,141.00"
22,INV0024,AMARULA 750ML,,,"2,067.00"
22,INV0027,ANGOSTURA 473ML,,,"5,626.80"
22,INV660,ANGOSTURA BITTERS 200ML,,,"2,491.00"
22,INV936,Apero 1l,,,"2,650.00"
22,INV623,APEROL 700ML,,,"2,453.00"
22,INV681,ARMAND DE BRIGNAC (ACE OF SPADE) BRUT GOLD 750ML,,,"51,520.00"
22,INV682,ARMAND DE BRIGNAC (ACE OF SPADE ROSE) 750ML,,,"67,200.00"
22,INV554,ASCONI DRY 750ML,,,"1,637.10"
22,INV594,ASCONI KISS ME NOW CAB SAUV 750ML,,,"1,637.10"
22,INV593,ASCONI KISS ME NOW MERLOT 75,,,"1,637.10"
22,INV519,ASCONI MOSCATO ROSE,,,"1,637.10"
22,INV518,ASCONI MOSCATO WHITE,,,"1,637.10"
22,INV0028,ASCONI PASTORAL750ML,,,"1,637.10"
22,INV588,ASCON KAGOR LUX,,,"1,637.10"
22,INV0029,ATLAS 12% 500ML,,,249.00
22,INV0030,ATLAS 16% 500ML,,,297.00
22,INV942,BACARDI CARTA NEGRA 1L,,,"2,120.00"
22,INV00167,BACARDI CARTA NEGRA 750ML,,,"1,583.60"
22,INV641,BACARDI CARTA ORO  750ML,,,"2,438.00"
22,INV0032,BACARDI CLEAR 1L,,,"2,307.00"
22,INV0033,BACARDI CLEAR  750ML,,,"2,056.00"
22,INV0034,BACARDI OAK HEART 750ML,,,"1,583.60"
22,INV639,BACARDI RUM SPICED 750ML,,,"1,689.00"
22,INV567,BACUR GIN BOTTEGA 700ML,,,"5,145.00"
22,INV0035,BAILEYS 1L,,,"2,841.00"
22,INV0036,BAILEYS 375ML,,,"1,222.00"
22,INV0037,BAILEYS 750ML,,,"2,250.00"
22,INV00505,BAINS WHISKY 750ML,,,"2,908.00"
22,INV827,Ballantine  10y 700ml,,,"2,806.63"
22,INV0040,BALLANTINE 1L,,,"2,430.39"
22,INV00433,BALLANTINE 30YO SCOTCH WHISKY 700ML,,,"47,763.00"
22,INV0041,BALLANTINE 375ML,,,957.50
22,INV664,BALLANTINE 4.5L,,,"11,483.58"
22,INV0042,BALLANTINE 750ML,,,"1,822.79"
22,INV621,BALLANTINE WHISKY 21YRS 750ML,,,"15,197.49"
22,INV619,BALLENTINE WHISKY 17YRS 750ML,,,"8,764.69"
22,INV599,BALOZI  CAN 500ML,,,205.92
22,INV792,BAVARIA MALT ORIGINAL 500ML CAN,,,134.64
22,INV553,BAVARIA SMALT APPLE 330ML BTL,,,109.62
22,INV903,BAVARIA SMALT APPLE 330ML CAN,,,96.41
22,INV793,BAVARIA SMALT APPLE 500ML CAN,,,134.64
22,INV863,BAVARIA SMALT ORANGE 330ML btl,,,120.97
22,INV905,BAVARIA SMALT ORANGE 330ML CAN,,,96.41
22,INV902,BAVARIA SMALT ORANGE 500ML CAN,,,126.07
22,INV669,BAVARIA SMALT PINEAPLE  330ML BTL,,,112.75
22,INV904,BAVARIA SMALT PINEAPLE 330ML CAN,,,96.41
22,INV901,BAVARIA SMALT PINEAPLE  500ML  CAN,,,126.07
22,INV0017,BEEFEATER BLOOD ORANGE 750ML,,,"1,727.61"
22,INV0043,BEEFEATER PINK GIN 750 ML,,,"1,727.61"
22,INV585,BEEFETER GIN 1L,,,"2,159.83"
22,INV527,BEEFETER ORIGINAL 750ML,,,"1,727.61"
22,INV627,BEEFETER PINK 1L,,,"3,099.60"
22,INV736,BELVEDRE 700ML,,,"4,536.00"
22,INV0046,BEST CREAM 250ML,,,350.00
22,INV0047,BEST CREAM 750ML,,,"1,142.96"
22,INV0048,BEST GIN 250ML,,,261.00
22,INV0049,BEST GIN 750ML,,,740.48
22,INV541,BEST VODKA 250ML,,,245.00
22,INV00436,BEST VODKA 750ML,,,699.00
22,INV0050,BEST WHISKY 250ML,,,310.00
22,INV0051,BEST WHISKY 750ML,,,920.40
22,INV637,BIANCO NOBILE 750ML,,,"1,425.00"
22,INV00478,BIRDS & BEES SWEET RED,,,"1,314.40"
22,INV0055,BLACK BIRD RED 750ML,,,954.00
22,BLACK BIRD SWEET ROSE 750ML BLACK BIRD SWEET ROSE 750ML,,,,954.00
22,INV0056,BLACK BIRD WHITE 750ML,,,954.00
22,INV924,Black colt cafe rum 750ml,,,"1,265.00"
22,INV0052,BLACK & WHITE 1L,,,"1,539.20"
22,INV00345,BLACK & WHITE 250ML,,,412.00
22,INV0053,BLACK & WHITE 350ML,,,599.04
22,INV0054,BLACK & WHITE 750ML,,,"1,153.60"
22,INV0057,BLUE CURACAO 750ML,,,"1,819.00"
22,INV735,BLUE ISLAND WHISKEY 700ML,,,"1,940.00"
22,INV912,BOLS TRIPLE SEC 750ML,,,"1,498.00"
22,INV701,BOMBAY BRAMBLE GIN 750ML,,,"2,429.52"
22,INV0061,BOMBAY GIN 750ML,,,"1,749.00"
22,INV0068,BOMBAY SAPHIRE 1L,,,"3,180.00"
22,INV0067,BOMBAY SAPHIRE 750ML,,,"2,407.50"
22,INV0070,BOND 7 250ML,,,428.48
22,INV0069,BOND 7 350ML,,,597.40
22,INV0071,BOND 7 750ML,,,"1,271.02"
22,INV00361,Bonne Esperance Natural Sweet Red 750ml,,,885.00
22,INV00452,Bonne Esperance Select Dry Red  5l,,,"4,070.00"
22,INV915,Bonne Esperence select dry Red 750ml,,,885.00
22,INV00434,Bonne Esperence select dry white 750ml,,,885.00
22,INV727,BON VOYAGE DRY RED 750ML,,,880.00
22,INV728,BON VOYAGE SWEET RED 750ML,,,880.00
22,INV730,BON VOYAGE SWEET ROSE 750ML,,,880.00
22,INV729,BON VOYAGE SWEET WHITE 750ML,,,880.00
22,INV579,BOTANIST DRY GIN 750ML,,,"3,816.00"
22,INV00450,BOTTEGA FRAGOLINO ROSSO 750ML,,,"2,156.00"
22,INV536,BOTTEGA GOLD 750ML,,,"5,145.00"
22,INV568,BOTTEGA LIMONCINO 500ML,,,"2,365.00"
22,INV566,BOTTEGA MANZONI  ROSE 750ML,,,"5,145.00"
22,INV565,BOTTEGA ROSE GOLD 750ML,,,"5,145.00"
22,INV535,BOTTEGA WHITE GOLD  750ML,,,"5,145.00"
22,INV00209,BOTTLE DEPOSIT,,,18.00
22,INV628,BOURBON BULLEIT RYE 700ML,,,"4,770.00"
22,INV699,BRANCOTT ESTATE CL SAUVIGNON BLANC 750ML,,,"1,561.37"
22,INV893,BROTHERS APPLE SOURS,,,"1,484.00"
22,INV888,BROTHERS BANANA,,,"1,675.00"
22,INV892,BROTHERS BLACK SAMBUCA,,,"1,558.00"
22,INV829,BROTHERS BLUE CURACAO,,,"1,861.00"
22,INV889,BROTHERS BLUE SAMBUCA,,,"1,558.00"
22,INV894,BROTHERS CHERRY SOURS 750ML,,,"1,485.00"
22,INV896,BROTHERS GREEN SAMBUCA,,,"1,558.00"
22,INV890,BROTHERS  ORIGINAL SAMBUCA,,,"1,558.00"
22,INV00322,BROTHERS PEACH 750ML,,,"2,750.00"
22,INV895,BROTHERS PEPPERMINT,,,"1,675.00"
22,INV891,BROTHERS RED SAMBUCA,,,"1,558.00"
22,INV887,BROTHERS STRAWBERRY,,,"1,675.00"
22,INV830,BROTHERS  TRIPLE SEC,,,"1,861.00"
22,INV873,BULLEIT BOURBON 1L,,,"4,452.00"
22,INV776,BULLEIT BOURBON 700ML,,,"3,816.00"
22,INV712,BUMBU CREAM 750ML,,,"5,184.00"
22,INV754,BUMBU ORIGINAL 700ML,,,"4,585.36"
22,INV755,BUMBU XO RUM 750ML,,,"5,963.43"
22,INV777,BUSH MALT 10YO 700ML,,,"3,445.00"
22,INV0074,BUTLERS TRIPLE SEC 750ML,,,"1,847.58"
22,INV881,CABERNET SAUV MERLOT RED SWEET WINE,,,"1,124.00"
22,INV882,CABERNET SAUV ROSE SWEET WINE,,,"1,124.00"
22,INV00142,campari 1l,,,"2,862.00"
22,INV0075,CAMPARI 750ML,,,"2,385.00"
22,INV874,CAMUS VS 1L,,,"5,671.00"
22,INV00499,CAMUS VS 750ML,,,"5,040.00"
22,INV00500,CAMUS VSOP 1L,,,"7,717.50"
22,INV604,CAMUS VSOP 750ML,,,"6,090.00"
22,INV0073,CAMUS XO 750 ML,,,"28,890.00"
22,INV885,CANDY FLOSS SWEET RED WINE 750ML,,,875.50
22,INV886,CANDY FLOSS SWEET WHITE  WINE 750ML,,,875.50
22,INV977,CANTINE POLINI ETTA FOCU ROSSO 750ML,,,"2,248.00"
22,INV0077,CAPRICE RED SWEET TETRA,,,903.76
22,INV0078,CAPRICE WHITE SWEET TETRA,,,903.76
22,INV0079,CAPRISE DRY RED(TETRA) -1L,,,903.76
22,INV0080,CAPRISE DRY WHITE(TETRA) -1L,,,903.76
22,INV0081,CAPTAIN GOLD 250ML,,,346.08
22,INV0082,CAPTAIN GOLD LOCAL 750ML,,,955.50
22,INV00442,CAPTAIN MORGAN BLACK 750ML,,,"1,782.00"
22,INV577,CAPTAIN MORGAN BLACK SPICED  1L,,,"2,268.40"
22,INV600,CAPTAIN MORGAN DARK RUM 1L,,,"1,995.00"
22,INV0084,CAPTAIN MORGAN S/GOLD 750ML,,,"1,733.00"
22,INV0085,CAPTAIN MORGAN SPICE GOLD 1L,,,"2,153.52"
22,INV0086,CARDHU 12YRS 750ML,,,"5,241.28"
22,INV00382,CARIBIA GIN 250ML,,,244.00
22,INV00482,CARIBIA GIN 350ML,,,357.48
22,INV00280,CARIBIA GIN 750 ml,,,723.84
22,INV0089,CASA BUENA RED 1L,,,740.38
22,INV0090,CASA BUENA WHITE 1L,,,747.50
22,INV748,CASA CUERVO 1800 ANEJO 700ML,,,"4,717.00"
22,INV747,CASA CUERVO 1800 BLANCO 70ML SILVER,,,"3,922.00"
22,INV688,CASAMIGOS ANEJO 750ML,,,"7,533.00"
22,INV00101,CASAMIGOS BLANCO 750ML,,,"6,163.00"
22,INV865,CASAMIGOS REPOSADO 750ML,,,"6,762.00"
22,INV00264,CASILLERO DEL DIABLO CAB SAUVIGNON 750ML,,,"1,511.00"
22,INV00265,CASILLERO DEL DIABLO S BLANC 750ML,,,"1,511.00"
22,INV0094,CELLAR CASK JHB RED 750ML,,,977.47
22,INV0091,CELLAR CASK RED 5LTRS,,,"4,193.28"
22,INV0092,CELLAR CASK WHITE 5L,,,"4,273.92"
22,INV0093,CELLAR CASK WHITE 750ML,,,946.40
22,INV0096,CHAMDOR 750ML RED,,,738.00
22,INV0095,CHAMDOR 750 WHITE,,,738.00
22,INV925,Cheers Chenin Blanc,,,"1,376.00"
22,INV926,Cheers sweet red,,,"1,376.00"
22,INV927,Cheers sweet Rose,,,"1,376.00"
22,INV665,CHIVAS 12 YEARS 4.5L,,,"21,718.70"
22,INV0099,CHIVAS 12 years 750ml,,,"3,341.23"
22,INV0097,CHIVAS 12YRS 1L,,,"4,414.83"
22,INV690,CHIVAS 15YRS 750ML,,,"5,377.74"
22,INV0098,CHIVAS 18YRS 750ML,,,"7,859.47"
22,INV666,CHIVAS 25 YEARS 750ML,,,"47,888.04"
22,INV625,CHIVAS REGAL 18YRS 1L,,,"9,180.00"
22,INV00100,CHROME 750ML,,,585.90
22,INV592,CHROME GIN 250M,,,212.18
22,INV591,CHROME GIN 750ML,,,585.90
22,INV00102,CHROME VODKA 250ML,,,212.18
22,INV537,CIROC VODKA 1L,,,"4,922.00"
22,INV940,CLAN MACGREGOR 1L,,,"1,590.00"
22,INV870,CLAN MACGREGOR 750ML,,,"1,166.00"
22,INV752,CLASE AZUL  ANEJO 700ML,,,"98,100.00"
22,INV819,Clase Azul mezcal Durango 700ml,,,"65,400.00"
22,INV820,Clase Azul Plata 700ml,,,"24,525.00"
22,INV725,CLASE AZUL REPOSADO 750ML,,,"41,420.00"
22,INV00108,CLUBMAN 250ML,,,271.00
22,INV00109,CLUBMAN -750ML,,,732.00
22,INV00110,COINTREAU 1L,,,"3,691.50"
22,INV631,COINTREAU 750ML,,,"3,180.00"
22,INV821,COKE 1.25L,,,120.00
22,INV817,COKE 500ML,,,67.00
22,INV0064,CORONA BEER 335 ML,,,366.00
22,INV00111,COUNTY  250ML,,,237.00
22,INV00112,COUNTY 750ML,,,657.00
22,INV645,COURVOISIER VS 1L,,,"6,148.00"
22,INV00113,COURVOISIER VSOP 1L,,,"6,890.00"
22,INV557,COURVOISIER VSOP 750ML,,,"5,830.00"
22,INV939,COURVOISIER XO,,,"23,320.00"
22,INV00170,COURVOSIER VS 750ML,,,"4,558.00"
22,INV981,Cragganmore 12yrs 750ml,,,"5,776.00"
22,INV00272,CRATE DEPOSIT,,,143.00
22,INV00114,CRAZY COCK 250ML,,,353.60
22,INV00115,CRAZY COCK 375ML,,,504.00
22,INV00116,CRAZY COCK 750 ML,,,"1,015.48"
22,INV00117,CRUZ VODKA 750ML,,,"1,595.00"
22,INV00122,CULEMBOG CAPE RED 750,,,"1,169.50"
22,INV00306,CULEMBOG CAPE WHITE 750,,,"1,119.36"
22,INV00123,CULEMBOG CHENIN BLANC 750,,,"1,119.36"
22,INV849,D008  LED CUP HOLDER,,,"8,000.00"
22,INV850,D034 LED CUP HOLDER,,,"8,000.00"
22,INV812,DALMOR 18 YR 750ML,,,"31,800.00"
22,INV726,DALMORE 12YR 750ML,,,"10,070.00"
22,INV811,DALMORE 15YR 750ML,,,"14,310.00"
22,INV813,DALMORE CIGAR MALT 700ML,,,"12,932.00"
22,INV982,Dalwhinnie 15yrs 750ml,,,"7,042.00"
22,INV761,DELMONTE APPLE 250ML,,,"1,589.00"
22,INV756,DELMONTE CRANBERRY  APPLE 1LT,,,247.00
22,INV00447,DELMONTE JUICE 1L-APPLE,,,247.00
22,INV00445,DELMONTE JUICE 1L-MANGO,,,247.00
22,INV00446,DELMONTE JUICE 1L-MIXED BERRY,,,247.00
22,INV00449,DELMONTE JUICE 1L-  ORANGE,,,271.34
22,INV00444,DELMONTE JUICE -1L-PASSION,,,247.00
22,INV00451,DELMONTE JUICE 1L-PINEAPPLE,,,247.00
22,INV00448,DELMONTE JUICE 1L-TROPICAL,,,247.00
22,INV822,DELMONTE LITCH JUICE 1L,,,242.05
22,INV762,DELMONTE MANGO 250ML,,,"1,589.00"
22,INV00417,DELMONTE MIXED BERRY 250ml,,,"1,574.10"
22,INV763,DELMONTE ORANGE JUICE 250ML,,,"1,789.04"
22,INV823,DELMONTE PEACH JUICE 1L,,,242.05
22,INV620,DELMONTE PINEAPLE GOLD 1L,,,247.00
22,INV760,DELMONTE PINEAPLE JUICE 250ML,,,"1,589.00"
22,INV826,DELMONTE PINEAPLE MANGO 250ML,,,"1,529.55"
22,INV00319,DELMONTE PINEAPLE-ORANGE 1LT,,,246.75
22,INV824,DELMONTE PINEAPLE ORANGE 250ML,,,"1,529.55"
22,INV825,DELMONTE PINEAPLE PASSION 250ML,,,"1,529.55"
22,INV534,DELMONTE PINEAPPLE MANGO 1L,,,247.00
22,INV00125,DELMONTE PURE ORANGE 1L,,,273.93
22,INV757,DELMONTE RED GRAPE 1L,,,247.00
22,INV764,DELMONTE TROPICAL JUICE 250ML,,,"1,589.00"
22,INV551,DELUSH SWEET RED,,,827.00
22,INV00477,DELUSH SWEET ROSE 750,,,827.00
22,INV550,DELUSH SWEET WHITE 75,,,827.00
22,INV00120,DESPERADOS,,,290.39
22,INV00435,D HILLS CABERNET SAUV 750ML,,,"1,642.42"
22,INV00506,D HILLS CHARDONNAY 750ML,,,"1,642.42"
22,INV00481,D HILLS COLLECTORS PINOTAGE 750ML,,,"3,200.82"
22,INV00508,D HILLS MERLOT 750ML,,,"1,642.42"
22,INV00510,D HILLS PINOTAGE 750ML,,,"1,642.42"
22,INV00509,D HILLS SAUVIGNON 750L,,,"1,642.42"
22,INV00507,D HILLS SHIRAZ 750ML,,,"1,642.42"
22,INV713,DOM PERIGNON bBRUT 1.5L,,,"85,600.00"
22,INV00106,DOM PERIGNON BRUT 750ML,,,"43,870.00"
22,INV970,DONELLI LAMBRUSCO 750ML,,,"1,323.00"
22,INV971,DONELLI PROSECCO  BRUT 750ML,,,"2,357.50"
22,INV685,DON JULIO  ANEJO 700ML,,,"9,064.00"
22,INV749,DON JULIO BLANC 750ML,,,"7,480.00"
22,INV687,DON JULIO REPOSADO 750ML,,,"8,184.00"
22,INV737,DON PAPA AGED RUM 750ML,,,"5,616.00"
22,INV00124,DOUGLAS G PINOTAGE 750ML,,,"1,433.00"
22,INV0038,DOUGLAS GREEN CARB SAUV 750,,,"1,433.00"
22,INV0039,DOUGLAS GREEN  PINOTAGE 750ML,,,"1,509.00"
22,INV719,DRAMBUIE 750ML,,,"4,269.30"
22,INV868,DRINK MAGIC COLA 330ML,,,31.93
22,INV745,DRINK MAGIC COLA 500ML,,,46.80
22,INV00127,DROSTDHOF WHITE 750ML,,,904.07
22,INV00128,DROSTDY -HOF 5L RED,,,"4,440.45"
22,INV00129,DROSTDY HOF WH 5L,,,"4,564.91"
22,INV00131,DROSTY HOF RED 750ML,,,953.39
22,INV816,DROSTY NATURAL SWEEET RED 750ML,,,921.00
22,INV00132,DUNHILL DOUBLE SWITCH,,,449.57
22,INV00133,DUNHILL SWITCH,,,462.67
22,INV941,DUSSE  VSOP 750ML,,,"9,570.20"
22,INV969,D'VINO IGT TOSCANA 2023 750ML,,,"3,277.00"
22,INV840,E008 BOTTLE PRESENTER,,,"40,018.40"
22,INV851,E011 BOTTLE PRESENTER,,,"35,000.00"
22,INV841,E020 BOTTLE PRESENTER,,,"45,000.00"
22,INV842,E023 BOTTLE PRESENTER,,,"35,000.00"
22,INV852,E038 BOTTLE PRESENTER,,,"45,000.00"
22,INV843,E044 BOTTLE PRESENTER,,,"35,000.00"
22,INV844,E055 BOTTLE PRESENTER,,,"35,000.00"
22,INV845,E070 BOTTLE PRESENTER,,,"35,000.00"
22,INV853,E074 BOTTLE PRESENTER,,,"45,000.00"
22,INV00135,EMBASSY,,,444.96
22,INV00303,EXPRESSION  RED WINE 750ML,,,"1,188.00"
22,INV704,EXPRESSION ROSE 750ML,,,"1,177.00"
22,INV703,EXPRESSION  WHITE WINE 750ML,,,"1,177.00"
22,INV952,EXTRA DRY PROSECCO DOC SILVER,,,"8,921.86"
22,INV951,EXTRA PROSECCO DOC GOLD,,,"9,505.87"
22,INV846,F036 LED MARQUEEE SIGN,,,"25,000.00"
22,INV847,F082 LED MARQUEE,,,"60,000.00"
22,INV855,F092 LED BOTTLE CASE,,,"50,000.00"
22,INV848,F094 LED BOTTLE CASE,,,"50,000.00"
22,INV00138,FAMOUS GROUSE 375ML,,,"1,008.00"
22,INV00139,FAMOUS GROUSE 4.5L,,,"15,917.15"
22,INV00137,FAMOUS GROUSE 750ML,,,"1,893.00"
22,INV00140,FAMOUS GROUSE IL,,,"2,398.00"
22,INV00136,FAMOUS SMOKY BLACK 750ML,,,"2,836.00"
22,INV00141,FAXE 500ML,,,260.00
22,INV00283,FERNET BLANCE 1L,,,"3,763.00"
22,INV740,FERNET BLANCE 750ML,,,"3,233.00"
22,INV642,FIREBALL CINNAMON WHISKY 750ML,,,"2,180.00"
22,INV932,Firewater 750ML,,,"3,383.00"
22,INV653,FLIRT LEMON 750,,,721.00
22,INV633,FLIRT VODKA  1L,,,"1,260.00"
22,INV00456,FLIRT VODKA CHOCOLATE 1L,,,"1,260.00"
22,INV00462,FLIRT VODKA CHOCOLATE 375ML,,,367.50
22,INV00463,FLIRT VODKA CHOCOLATE 750ML,,,714.00
22,INV00144,FLIRT VODKA GREEN APPLE 1.5L,,,"1,391.00"
22,INV00453,FLIRT VODKA GREEN APPLE 1L,,,"1,365.00"
22,INV00458,FLIRT VODKA GREEN APPLE 375ML,,,364.00
22,INV00467,FLIRT VODKA GREEN APPLE 750ML,,,735.00
22,INV632,FLIRT VODKA LEMON 1L,,,"1,260.00"
22,INV00455,FLIRT VODKA ORANGE 1L,,,"1,260.00"
22,INV00464,FLIRT VODKA ORANGE 750ML,,,707.00
22,INV00454,FLIRT VODKA STRAWBERRY 1L,,,"1,260.00"
22,INV00466,FLIRT VODKA STRAWBERRY 750ML,,,714.00
22,INV00469,FOUR COUSINS RED 1.5L,,,"1,620.00"
22,INV00150,FOUR COUSINS RED 750ML,,,869.20
22,INV00468,FOUR COUSINS ROSE 1.5L,,,"1,620.00"
22,FOUR123,FOUR COUSINS ROSE 750ML,,,802.50
22,INV00470,FOUR COUSINS WHITE 1.5L,,,"1,620.00"
22,INV00153,FOUR COUSINS WHITE 750ML,,,869.20
22,INV898,FRAGOLINO BIANCO,,,"1,468.50"
22,INV974,FRAGOLINO BIANCO  SNIPER 750ML,,,"1,193.00"
22,INV570,FRAGOLINO BIIANCO COUNTRY BOTTEGA 750ML,,,"2,156.00"
22,INV899,FRAGOLINO ROSE,,,"1,468.50"
22,INV900,FRAGOLINO ROSSO,,,"1,468.50"
22,INV975,FRAGOLINO ROSSO SNIPER 750ML,,,"1,193.00"
22,CYT005,FRONTERA CABERNET SAUV 1.5L,,,"1,887.48"
22,CYT001,FRONTERA CABERNET SAUV 750ML,,,"1,076.96"
22,INV559,frontera chardonnay 1.5l,,,"1,869.84"
22,INV544,FRONTERA CHARDONNAY 750ML,,,"1,076.96"
22,INV542,FRONTERA LATE HARVEST 750ML,,,"1,076.96"
22,INV00156,FRONTERA  MERLOT 1.5LTRS,,,"1,887.48"
22,INV00473,FRONTERA MERLOT  750ML,,,"1,076.96"
22,INV00501,FRONTERA PINOTAGE ROSE 750ML,,,"1,076.96"
22,INV00293,FRONTERA ROSE 750ML,,,"1,076.96"
22,CYT007,FRONTERA SAUV BLANC 1.5L,,,"1,887.48"
22,INV00474,FRONTERA SAUVIGNON BLANC 750ML,,,"1,076.96"
22,INV543,FRONTERA SHIRAZ  750ML,,,"1,076.96"
22,INV558,FRONTERA SWEET RED 750,,,"1,076.96"
22,INV831,FT PASSION FRUIT LIQUOR,,,"2,002.00"
22,INV540,FUEL,,,103.00
22,INV00158,GATO NEGRO CAB SAUV  1.5L,,,"1,829.56"
22,INV614,GATO NEGRO CAB SAUV 750ML,,,"1,119.00"
22,INV00134,Gato Negro Chardoney 1.5L,,,"1,829.56"
22,INV00390,Gato Negro Merlot 1.5L,,,"1,829.56"
22,INV00159,GATO NEGRO MERLOT 750ML,,,"1,030.32"
22,INV648,GATO NEGRO SAUV BLANC 1.5L,,,"1,829.56"
22,INV613,GATO NEGRO SAUV BLANC 750ML,,,986.00
22,INV0063,Gato Negro Semi sweet White 750,,,979.00
22,INV00160,GENERAL MEAKINGS 250ML,,,218.84
22,INV00161,GENERAL MEAKINGS 750ML,,,647.50
22,INV00162,GENTLEMAN JACK 1L,,,"6,254.00"
22,INV00422,GENTLEMAN JACK 375ML,,,"2,782.00"
22,INV00163,GENTLEMAN JACK 700ML,,,"4,770.00"
22,INV709,GIBSON BLOOD ORANGE GIN 700ml,,,"1,386.00"
22,INV707,GIBSON GIN 1L,,,"1,627.50"
22,INV706,GIBSON GIN 700ML,,,"1,312.50"
22,INV708,GIBSON PINK GIN 700ml,,,"1,386.00"
22,INV00164,GILBEYS 250ML,,,423.33
22,INV00166,GILBEYS 350ML,,,590.19
22,INV00165,GILBEYS 750ML,,,"1,271.02"
22,INV710,GLENDALE WHISKY 1L,,,"2,220.00"
22,INV711,GLENDALE WHISKY 750ML,,,"1,665.00"
22,INV00171,GLENFFIDCH 15YRS 1L,,,"10,589.40"
22,INV00172,GLENFFIDCH 750ML 15YRS,,,"8,549.30"
22,INV00173,GLENFFIDICH 21YRS 700ML,,,"38,160.00"
22,INV00176,GLENFIDDICH 12YRS  1LTR,,,"7,689.00"
22,INV00177,GLENFIDDICH 21YRS 1L,,,"46,200.00"
22,INV00174,GLENFIDDICH  23YRS 750ML,,,"47,960.00"
22,INV572,GLENFIDDICH 30 YO 750ML,,,"88,800.01"
22,INV00175,GLENFIDDICH  750ML 12YRS,,,"6,149.00"
22,INV609,GLENFIDDICH SELECT CASK 1L,,,"6,996.00"
22,INV571,GLENFIDICH 25 YO 750ML,,,"54,390.00"
22,INV00178,GLENFIDICH 750ML 18YRS,,,"13,144.00"
22,INV983,Glenkinchie 12yrs 750ml,,,"5,530.53"
22,INV0045,GLENLIVET 12YRS 1L,,,"6,360.00"
22,INV00179,GLENLIVET 12YRS 750ML,,,"4,846.52"
22,INV00180,GLENLIVET 15YRS 1L,,,"7,632.00"
22,INV00182,GLENLIVET 15YRS 750ML,,,"7,766.23"
22,INV00307,GLENLIVET 18YRS 1L,,,"16,536.00"
22,INV649,GLENLIVET 18YRS 250ML,,,"2,968.00"
22,INV00181,GLENLIVET 18YRS 750ML,,,"11,756.06"
22,INV780,GLENLIVET 21YO 700ML,,,"32,350.65"
22,GLEN123,GLENLIVET FOUNDERS RESERVE 750ML,,,"4,549.23"
22,INV944,GLENMORANGIE 12Y 750ML,,,"5,300.00"
22,INV943,GLENMORANGIE 12YR 1L,,,"6,678.00"
22,INV772,GLENMORANGIE 13Y COGNAC FINISH  700ML,,,"14,124.00"
22,INV00184,GLENMORANGIE 18YRS 750ML,,,"18,725.00"
22,INV595,GLENMORANGIE LASANTA  750ML,,,"5,457.00"
22,INV770,GLENMORANGIE NECTAR D'OR 700ML,,,"10,700.00"
22,INV549,GLENMORANGIE ORIGINAL 10YRS 750ML,,,"5,618.00"
22,INV00185,GLENMORANGIE ORIGINAL 1 LTR,,,"6,741.00"
22,INV771,GLENMORANGIE QUINTA RUBAN MALT  700ML,,,"7,383.00"
22,INV00186,GLENMORANGIE SIGNET 750ML,,,"16,200.00"
22,INV00169,GLEN SILVERS 1L,,,"1,431.00"
22,INV658,GOLD SEAL 16% 500ML,,,191.00
22,INV731,GORDON GIN 350ML,,,865.00
22,INV596,GORDON LEMON 1L,,,"2,247.00"
22,INV583,GORDON PINK 750,,,"1,895.20"
22,INV679,GORDON PM DRY & TONIC 330ML CAN,,,197.60
22,INV680,GORDON PM PINK & TONIC 330ML CAN,,,197.60
22,INV00476,GORDONS GIN 1LTR,,,"2,462.40"
22,INV00187,GORDONS GIN 750ML,,,"2,035.20"
22,INV988,GORDON  SICILNL 700ML LEMON,,,"1,843.70"
22,INV545,GORDONS PINK 1L,,,"2,140.00"
22,INV732,GRACE O MALLEY IRISH WHISKEY 700ML,,,"4,338.00"
22,TWO123,GRAN CASTILLO MS TEMPRANILLO 750ML,,,"1,450.00"
22,INV522,GRAN CASTILLO ROSE TEMPRANILLO 750ML,,,"1,450.00"
22,INV705,GRAN CASTILLO VIURA MOSCATEL 750ML,,,"1,450.00"
22,INV714,GRAND MARNIER RASPBERYY 750ML,,,"3,210.00"
22,INV810,GRAND MARNIER ROUGE 375ML,,,"2,332.00"
22,INV521,GRAN MIRADOR DARK BLEND 750ML,,,"2,321.70"
22,INV00273,GRAN MIRADOR RED BLEND 750ML,,,"2,321.70"
22,INV00189,GRANTS 1L WITHOUT GLASS,,,"1,890.00"
22,INV00188,GRANTS 350ML,,,738.30
22,INV00192,GRANTS 750ML WITH GLASS,,,"1,627.50"
22,INV00190,GRANTS TRIPPLE WOOD 12 YRS 750ML,,,"3,392.00"
22,INV00459,GRANTS WITH GLASS 1L,,,"2,226.00"
22,INV00191,GRANTS (witout glass ) 750ML,,,"1,417.50"
22,INV00193,GRENADINE  SYRUP 750ML,,,362.00
22,INV739,GREY GOOSE 1L,,,"5,238.00"
22,INV556,GREY GOOSE 750ML,,,"4,066.00"
22,INV743,GUINESS SMOOTH CAN 330ML,,,183.00
22,INV00195,GUINNESS CAN 500ML,,,222.48
22,INV00121,HAMPTON DRAM WHISKY 750ML,,,"1,271.92"
22,INV750,HARVEY BRISTOL CREAM SHERRY 750ML,,,"2,809.00"
22,INV667,HAVANA CLUB RHUM ANEJO 3 YEARS OLD 40%  6 X 70 CL,,,"1,796.19"
22,INV00168,HAVANA CLUB RHUM ANEJO  700ML ESPECIAL PLUS,,,"2,372.08"
22,INV00197,HEINEKEN 0.0 330ML,,,206.00
22,INV00196,HEINEKEN BOTTLE 330ML,,,234.00
22,INV00198,HEINEKEN CAN 500ML,,,286.00
22,INV546,HENDRICKS 1L,,,"6,469.20"
22,INV00199,HENDRICKS 750ML,,,"4,876.00"
22,INV0059,HENDRICKS GIN 350ML,,,"2,067.00"
22,INV00200,HENESSY 1LT,,,"7,208.00"
22,INV00157,HENESSY XO 1L,,,"40,660.00"
22,INV00201,HENESSY XO 750ML,,,"32,528.00"
22,INV00440,HENNESSY VS 350ML,,,"2,354.00"
22,INV00202,HENNESSY VSOP 750ML,,,"8,321.00"
22,INV00203,HENNESY  VS 700ML,,,"4,558.00"
22,INV00204,HENNESY VSOP 1L,,,"10,812.00"
22,INV751,HIBIKI HARMONY 700ML,,,"27,250.00"
22,INV809,HIGHLAND QUEEN 1L,,,"1,537.00"
22,INV00205,HUNTERS 250ML,,,299.73
22,INV00207,HUNTERS 350ML,,,436.00
22,INV00206,HUNTERS 750ML,,,920.40
22,INV00208,HUNTERS DRY  330ML,,,185.91
22,INV00210,HUNTERS GOLD CIDER 330ML,,,185.91
22,INV00212,IMPERIAL BLUE 250ML,,,383.83
22,INV00213,IMPERIAL BLUE 350ML,,,460.60
22,INV00214,IMPERIAL BLUE 750ML,,,839.18
22,INV733,INDEPENDENCE BLENDED IRISH WHISKEY 700ML,,,"4,338.00"
22,INV734,INDEPENDENCE SINGLE MALT IRISH WHISKEY 700ML,,,"6,595.00"
22,INV691,INVERROCHE AMBER 750ML,,,"4,645.32"
22,INV692,INVERROCHE  CLASSIC 750ML,,,"4,645.32"
22,INV693,INVERROCHE VERDANT750ML,,,"4,645.32"
22,INV872,IRISH BUSHMILL 1L,,,"3,286.00"
22,INV721,IRISH BUSHMILLS ORIGINAL 700ML,,,"2,968.00"
22,INV00226,JACK DANIEL 1 LTR,,,"3,339.00"
22,INV578,JACK DANIEL 5CL,,,249.00
22,INV808,JACK DANIEL APPLE 750ML,,,"2,756.00"
22,INV622,JACK DANIEL COLA CANS 330ML,,,294.00
22,INV00227,JACK DANIEL HONEY 1L,,,"3,816.00"
22,INV716,JACK DANIEL LEGACY 750ML,,,"3,210.00"
22,INV00358,JACK DANIELS 1.75L,,,"6,334.50"
22,INV00229,JACK DANIELS 375ML,,,"1,836.00"
22,INV547,JACK DANIELS 3L,,,"14,688.00"
22,INV00228,JACK DANIELS 700ML,,,"2,756.00"
22,INV00143,JACK DANIELS APPLE 1L,,,"3,392.00"
22,INV00230,JACK DANIELS FIRE 1L,,,"3,638.00"
22,INV573,JACK DANIELS FIRE 750ML,,,"3,108.00"
22,INV00231,JACK DANIELS HONEY 750ML,,,"3,392.00"
22,INV589,JACK DANIELS RYE 45% 1L,,,"3,531.00"
22,INV00232,JACK DANIELS SINATRA 1L,,,"16,500.00"
22,INV00220,JACK DANIELS SINGLE BARREL 700ML,,,"5,350.00"
22,INV875,JACK DANIEL TENNESSE APPLE 1L,,,"3,604.00"
22,INV778,JACOB CREEK CABERNET SAUV 750ML,,,"1,218.75"
22,INV629,JACOB CREEK CLASSIC CHARDONEY 750ml,,,"1,218.75"
22,INV00149,JACOB  CREEK CLASSIC CRISP ROSE 750,,,"1,218.75"
22,INV00154,JACOBS CREEK CLASSIC MERLOT 750,,,"1,218.75"
22,INV607,JACOBS CREEK CLASSIC SHIRAZ 750,,,"1,218.75"
22,INV722,JACOB'S CREEK DBLE BARREL SHIRAZ 750ML,,,"2,357.95"
22,INV697,JACOB'S CREEK RESERVE CHARDONNAY 750ml,,,"1,771.83"
22,INV696,JACOB'S CREEK  RESERVE SHIRAZ 750ml,,,"1,771.83"
22,INV698,JACOB'S CREEK SPARKLING ROSE 750ML,,,"1,627.44"
22,INV00233,JAGERMASTER (no cork) 1L,,,"3,286.00"
22,INV564,JAGERMEISTER 1L WITH CORK,,,"3,498.00"
22,INV741,JAGERMEISTER 700ML WITH CORK,,,"2,173.00"
22,INV00234,JAGERMESTER (no cork) 750ML,,,"2,120.00"
22,INV00236,JAMESON 4.5L,,,"15,647.16"
22,INV00235,JAMESON 750ml,,,"2,178.99"
22,INV00237,JAMESON BLACK BARREL 750ML,,,"3,966.00"
22,INV00238,JAMESONS 1LT,,,"2,905.32"
22,INV00239,JAMESONS 350ML,,,"1,208.79"
22,INV00218,J & B 1LTR,,,"1,978.00"
22,INV00219,J & B 750ML,,,"1,855.18"
22,INV676,J.C LE ROUX  LA FLEURETTE 750ML,,,"1,494.08"
22,INV675,J.C LE ROUX LE DOMAINE 750ML,,,"1,494.08"
22,INV00240,JIM BEAM BOURBON 1L,,,"2,376.00"
22,JIM123,JIM BEAM HONEY 1L,,,"2,086.50"
22,INV911,JIM BEAM HONEY 700ML,,,"2,491.00"
22,INV615,JIM BEAM WHITE 750ML,,,"1,926.00"
22,INV671,JJW ARTISAN VODKA 1L,,,880.00
22,INV670,JJ WHITLEYRASP VODKA 1L,,,880.00
22,INV651,JOHN BANNERMANS 750,,,"1,255.00"
22,INV00103,JOHN BARR BLACK 1L,,,"1,765.50"
22,JOHN002,JOHN BARR BLACK 750ML,,,"1,431.00"
22,INV00340,JOHN BARR RED 1L,,,"1,658.50"
22,JOHN001,JOHN BARR RED 750ML,,,"1,378.00"
22,INV00247,JOHNIE WALKER DOUBLE BLACK 1L,,,"5,556.60"
22,INV00479,JOHNIE WALKER  GOLD RESERVE 1L,,,"7,809.48"
22,INV00248,JOHNIE WALKER GOLD RESERVE 750ML,,,"7,452.00"
22,INV00249,JOHNIE WALKER GREEN 750ML,,,"7,338.60"
22,INV00250,JOHNNIE WALKER BLUE 750ml,,,"28,987.46"
22,INV00242,JOHN WALKER BLACK 375ML,,,"1,729.92"
22,INV00243,JOHN WALKER  RED 250ML,,,575.40
22,INV00241,JOHN WALKER  RED 350ML,,,907.36
22,INV00244,JOHN WALKER RED LABEL 1L,,,"2,063.25"
22,INV00245,JOHN WALKER RED LABEL 750ML,,,"1,690.50"
22,INV00253,JOSE CUERVO GOLD 1L,,,"2,862.00"
22,INV00252,JOSE CUERVO   GOLD 750ML,,,"2,544.00"
22,INV00254,JOSE CUERVO SILVER 1L,,,"2,862.00"
22,INV00251,JOSE CUERVO   SILVER  750ML,,,"2,544.00"
22,INV562,JP CHENET ICE EDI SL BLEU VIN MOUSEUX 750ML,,,"1,060.00"
22,INV538,JP CHENET ICE EDITION SL ROSE DEMISEC 750ML,,,"1,060.00"
22,INV913,JURA 10YO MALT 700ML,,,"4,505.00"
22,INV920,JURA 12YO 700ML,,,"4,929.00"
22,INV921,JURA 18YO 700ML,,,"11,503.00"
22,INV529,J.WALKER 18YRS 1L,,,"8,988.00"
22,INV00375,J WALKER BLACK 250ML,,,"1,057.81"
22,INV00223,J.WALKER BLACK 3L,,,"13,182.40"
22,INV00221,J. WALKER BLACK LABEL 1 LTR,,,"3,816.00"
22,INV00222,J. WALKER BLACK LABEL 750ML,,,"3,118.52"
22,INV00343,J. WALKER BLUE 1L,,,"31,511.50"
22,INV00194,J WALKER PLATINUM,,,"9,632.14"
22,INV00224,J.WALKER RED 3L,,,"9,676.80"
22,INV630,J. WALKER RED 4.5L,,,"11,865.00"
22,INV00225,J.WALKER WALKER 18YRS 750ML,,,"12,322.45"
22,INV966,KAH FLAT ANEJO 700ML,,,"9,020.00"
22,INV964,KAH FLAT BLANCO 700ML,,,"6,380.00"
22,INV965,KAH FLAT REPOSADO,,,"7,590.00"
22,INV00484,KAHLUA 1l,,,"2,140.00"
22,INV555,KAHLUA 750ML,,,"2,648.88"
22,INV963,KAH SKULL ANEJO,,,"9,570.00"
22,INV961,KAH SKULL BLANCO 700ML,,,"7,150.00"
22,INV962,KAH SKULL REPOSADO,,,"8,470.00"
22,INV00258,KANE EXTRA 750ML,,,560.32
22,INV00259,KANE EXTRA GOLD 250ML,,,197.76
22,INV858,Kasapreko Alomo Bitters  750ml,,,"1,791.00"
22,INV859,Kasapreko Alomo Gold Bitters  750ml,,,"1,950.00"
22,INV860,Kasapreko Black Rock Honey Whiskey  750ml,,,"1,950.00"
22,INV862,Kasapreko Carnival Strawberry  750ml,,,"1,823.00"
22,INV861,Kasapreko LondonDry Gin  750ml,,,"1,495.00"
22,INV00483,K.C PINEAPPLE  250ML,,,261.62
22,INV00480,K.C  PINEAPPLE 750ML,,,688.04
22,INV00430,KENYA CANE LEMON & GINGER 250ML,,,263.68
22,INV918,KENYA CANE LEMON & GINGER 750ML,,,690.00
22,INV00485,KENYA CANE SMOOTH 250ML,,,261.62
22,INV00486,KENYA CANE SMOOTH 350ML,,,359.47
22,INV00487,KENYA CANE SMOOTH 750ML,,,688.04
22,INV00260,KENYA KING 250ML,,,223.16
22,INV00266,KENYA KING 750ML,,,656.25
22,INV635,KERINGET 1L,,,79.80
22,INV818,KERINGET SPARKLING 1L,,,98.00
22,INV989,KETEL ONE CITRON 750ML,,,"2,496.00"
22,INV832,kibao Gin 250ml,,,227.00
22,INV833,Kibao Gin 350ml,,,346.00
22,INV834,Kibao Gin 750ml,,,641.00
22,INV00267,KIBAO VODKA  250ML,,,228.00
22,INV00268,KIBAO VODKA 350ML,,,345.54
22,INV00269,KIBAO  VODKA 750ML,,,641.42
22,INV00294,KIENYEJI 750ML,,,620.00
22,INV00271,KINGFISHER,,,191.10
22,INV00270,KING GEORGE 750ML,,,"70,800.00"
22,INV864,KISS CHOCOLATE,,,800.00
22,INV00370,Kiss Classic,,,700.00
22,INV517,Kiss Strawberry,,,800.00
22,INV00337,Kiss Studded,,,800.00
22,INV801,KO APPLE & LIME 330ML CAN,,,240.75
22,INV00371,KO  APPLE & LIME BTL 330ML,,,240.75
22,INV00457,KO BLUSH GIN 750ML,,,"2,301.00"
22,INV605,KO CLASSIC GIN 750ML,,,"2,211.61"
22,INV746,KO CLASSIC TONIC 200ML CAN,,,106.00
22,INV640,KO DRY CIDER 330ML BOTTLE,,,165.00
22,INV790,KO HIBISUS & LIME 330ML CAN,,,145.00
22,INV799,KO HONEY & LEMON 330ML CAN,,,240.75
22,INV00407,KO HONEY & LEMON BTL 330ML,,,240.75
22,INV638,KO LIGHT TONIC 200ML CAN,,,107.47
22,INV800,KO LIME & GINGER 330ML CAN,,,240.75
22,INV00300,KO LIME & GINGER BTL 330ML,,,240.75
22,INV00323,KO MANGO & CHILL BTL 330ML,,,240.75
22,INV798,KO MANGO & CHILLI CAN,,,240.75
22,INV00275,KONYAGI 250ML,,,258.94
22,INV00274,KONYAGI 500ML,,,535.00
22,INV00276,KONYAGI 750ML,,,743.65
22,INV791,KO PASSION & LIME 330ML CAN,,,240.75
22,INV00279,KO PASSION & LIME BTL 330,,,240.75
22,INV789,KO PINEAPLE &  MINT  330ML CAN,,,240.75
22,INV00341,KO PINEAPPLE &MINT BTL 330ML,,,240.79
22,INV744,K VANT 250ML,,,315.00
22,INV561,K VANT 750ML,,,"1,060.00"
22,INV856,KWV CLASSIC CAB SAUV 750ML,,,"1,473.40"
22,INV00217,KWV  CLASSIC CHARDONNAY 750ML,,,"1,261.40"
22,INV001,KWV CLASSIC CHENIN BLANC 750ML,,,"1,102.40"
22,INV857,KWV CLASSIC MERLOT 750ML,,,"1,473.40"
22,INV880,KWV CLASSIC PINOTAGE 70ML,,,"1,261.00"
22,INV00321,KWV CLASSIC SAUVIGNON BLANC 750ML,,,"1,261.40"
22,INV00216,KWV CLASSIC SHIRAZ 750ML,,,"1,473.40"
22,INV0088,KWV ROODEBERG BLACK,,,"1,555.00"
22,INV917,KWV SPARKLING CUVEE BRUT 750ML,,,"1,325.00"
22,INV00277,LAGAVULINE 750ML,,,"19,250.00"
22,INV563,LAGAVULIN MALT 16YRS 750ML,,,"12,840.00"
22,INV948,LAMBORGHINI ALICE GRETCHETTO WHITE,,,"5,300.67"
22,INV953,LAMBORGHINI BRANDY VSOP,,,"10,318.00"
22,INV949,LAMBORGHINI BRUT PINOT GOLD,,,"10,059.61"
22,INV950,LAMBORGHINI BRUT SILVER,,,"9,441.58"
22,INV978,LAMBORGHINI BRUT STANDARD,,,"5,626.89"
22,INV979,LAMBORGHINI DEMISEC DOCG,,,"6,091.42"
22,INV946,LAMBORGHINI ERA,,,"6,119.26"
22,INV947,LAMBORGHINI TAURUS,,,"5,341.00"
22,INV954,LAMBORGHINI TEQUILA GOLD,,,"34,308.00"
22,INV955,LAMBORGHINI TEQUILA SILVER,,,"24,630.00"
22,INV807,LES DAMIER ROSE 750ML,,,763.00
22,INV805,LES DAMIERS RED 750ML,,,763.00
22,INV806,LES DAMIER WHITE 750ML,,,763.00
22,INV00281,LIME JUICE 1.5L,,,241.50
22,INV00282,LIME JUICE 750ML,,,126.00
22,INV00356,LION EXPORT PREMIUM,,,250.00
22,INV569,LION EXTRA STRONG,,,260.00
22,INV533,LION STOUT,,,270.00
22,INV976,LITTERAM PROSECCO DOC EXTRA DRY 750ML,,,"1,759.00"
22,INV876,LOS CABOS GOLD TEQUILA 750ML,,,"1,590.00"
22,INV877,LOS CABOS  SILVER TEQUILA 750ML,,,"1,590.00"
22,INV0065,LUC BELAIRE GOLD 750ML,,,"4,579.19"
22,INV765,LUC BELAIRE GOLD FANTOME 750ML,,,"5,156.54"
22,INV598,LUC BELAIRE  LUXE 750ML,,,"4,579.19"
22,INV694,LUC BELAIRE LUXE FANTOME,,,"5,156.54"
22,INV597,LUC BELAIRE LUXE ROSE 750ML,,,"4,579.19"
22,INV758,LUC BELAIRE ROSE 1500ml,,,"10,835.89"
22,INV0044,LUC BELAIRE  ROSE 750ML,,,"4,579.19"
22,INV526,LUC BELAIRE  ROSE FANTOME 750ML,,,"5,156.54"
22,mc123,MACALLAN 12 YRS DOUBLE CASK 750ML,,,"12,187.70"
22,INV520,MACALLAN 15 YRS 750ML,,,"33,221.00"
22,INV00471,MACALLAN LUMINA 700ML,,,"13,500.00"
22,INV00472,MACALLAN TERRA 700ML,,,"18,900.00"
22,INV937,MAKERS 1L,,,"3,863.00"
22,INV938,Makers 750ml,,,"3,193.00"
22,INV00278,MALFY GIN CON LIMONE 750,,,"3,985.74"
22,INV539,MALFY GIN CON ROSA  750,,,"3,985.74"
22,INV650,MALFY GIN ORIGINALE 750,,,"3,985.74"
22,INV528,MALIBU 1L,,,"2,650.00"
22,INV00284,MALIBU 750,,,"1,744.90"
22,INV883,MANSION HOUSE BRANDY 750ml,,,"1,188.10"
22,INV906,MANYATTA P & M 330ML,,,247.00
22,INV00494,MARA- NYEKUNDU 1.5ML,,,"2,244.00"
22,INV00310,MARA NYEKUNDU 750ML,,,"1,386.00"
22,INV00496,MARA NYEUPE 1.5ML,,,"2,244.00"
22,INV00492,MARA-NYEUPE 750ML,,,"1,386.00"
22,INV00495,MARA TAMU-RED 750,,,"1,386.00"
22,INV00493,MARA TAMU-ROSE 750,,,"1,386.00"
22,INV00331,MARTEL  CORDON BLEU 700ML,,,"25,056.00"
22,INV00290,MARTELL BLUE SWIFT 700ML,,,"8,051.71"
22,INV922,MARTELL CHANTELOUP XXO,,,"49,789.00"
,,,MARTEL VS 1L,,"6,220.53"
,,,MARTEL VS 700ML,,"4,854.03"
,,,MARTEL VSOP 1L,,"10,303.52"
,,,MARTEL VSOP 700ml,,"7,212.47"
,,,MARTEL XO 700ML,,"26,913.00"
,,,MARTIN BIANCO 750ML,,"1,867.72"
,,,MARTINI BIANCO 1L,,"1,961.00"
,,,MARTINI EXTRA DRY 1L,,"2,387.00"
,,,MARTIN ROSSO 1L,,"1,961.00"
,,,MARTIN ROSSO 750ML,,"1,796.70"
,,,Mexican Bubblegum 750ml,,"2,283.00"
,,,MIKADO CHERRY RED SWEET 750,,"1,319.31"
,,,MIKADO SWEET RED PLUM FLAVOURED,,"1,319.31"
,,,MIKADO SWEET WHITE PLUM FLAVOURED,,"1,046.46"
,,,MODESTO FINE LIQUER TRIPLE SEC 750ML,,"1,391.00"
,,,MOET BRUT 750ML,,"9,540.00"
,,,MOET & CHANDON ICE  750ML,,"11,556.00"
,,,MOET &  CHANDON NECTAR IMP  75,,"11,770.00"
,,,MOET & CHANDON ROSE IMP 75,,"11,770.00"
,,,MOET NECTAR IMP  ROSE 750ML,,"11,990.00"
,,,MONARCH BRANDY 750ML,,"4,851.00"
,,,MONKEY GIN 47 50CL,,"5,532.47"
,,,MONKEY SHOULDER 1L,,"5,940.00"
,,,MONKEY SHOULDER 750ML,,"4,752.00"
,,,MONSTER ORIGINAL 500ML CAN,,200.00
,,,MUCHO MAS ROSE 750ML,,"1,984.46"
,,,MUCHU MAS-BLACK  EDITION 750ML,,"2,040.10"
,,,MUCHU MAS WHITE 750ML,,"1,984.46"
,,,MUMM CHAMPAGNE CORDON ROUGE 750ML,,"7,082.63"
,,,MUMM CHAMPAGNE  DEMI-SEC 12% 6 X 75 CL,,"7,216.27"
,,,MUMM CHAMPAGNE ROSE 750ML,,"8,764.18"
,,,MUMM GRAND CORDON ROSE 750ML,,"9,116.31"
,,,MUSCAT WHITE WINE,,"1,124.00"
,,,MV FUEL EXPENSE RECOVERY,,"143,231.92"
,,,MV LEASE EXPENSE RECOVERY,,"197,142.00"
,,,MYERSS 1 LT,,"2,052.00"
,,,MYERSS 750,,"1,728.00"
,,,Nairobi Summer A 300ml,,257.76
,,,NAKED GROUSE 750ML,,"4,716.36"
,,,NAMAQUA  DRY RED  5L,,"3,799.00"
,,,NAMAQUA NATURAL SWEET RED 750ML,,937.00
,,,NAMAQUA  SWEET RED 5L,,"3,799.00"
,,,NAMAQUA  SWEET ROSE 5L,,"3,850.00"
,,,NAMAQUA SWEET ROSE 750ML,,881.68
,,,NAMAQUA WHITE 750ML,,907.00
,,,NAMAQUA  WHITE SWEET  5LTRS,,"3,799.00"
,,,NAPOLEON BRANDY 250ML,,223.16
,,,NAPOLEON BRANDY 750ML,,656.25
,,,NEDERBERG  MERLOT 750ML,,"1,901.64"
,,,NEDERBERG ROSE 750ML,,"1,307.40"
,,,NEDERBURG BARONNE 750ML,,"1,901.64"
,,,NEDERBURG CAB SAUV  750ML,,"1,985.43"
,,,NEDERBURG CHARDONY 750ML,,"1,901.64"
,,,NEDERBURG PINOTAGE 750ML,,"1,901.64"
,,,NEDERBURG STEIN SAVIN 750ML,,"1,272.00"
,,,"Nicotine Mango 10mg/g,0.5g/pouch",,492.80
,,,"Nicotine Mint 10mg/g, 0.5g/pouch",,492.80
,,,"Nicotine Passionfruit 10mg/g, 0.5g/pouch",,492.80
,,,NIKKA DAYS 700ML,,"5,350.00"
,,,NIKKA RARE OLD SUPER 700ML,,"5,350.00"
,,,NIKKA SESSION GB 700ML,,"8,560.00"
,,,OJ 12%,,278.20
,,,OJ 16%,,342.40
,,,OJ 20%,,358.45
,,,OJ PILSENER 5%,,203.30
,,,OLD MONK 750ML,,963.00
,,,OLMECA CHOCOLATE 750ML,,"2,525.64"
,,,OLMECA GOLD 750ML,,"2,546.91"
,,,OLMECA TEQUILA ANEJO 750ML,,"2,675.00"
,,,OLMECA TEQUILA BLANCO 750ML,,"2,538.33"
,,,ORIGIN 750ML,,624.18
,,,ORIGIN BITTERS 250ML,,238.96
,,,Paddy Irish 750ml,,"1,962.00"
,,,Panache original  syrup,,"1,045.00"
,,,patron anejo tequila 750ml,,"7,208.00"
,,,PATRON REPOSADO  TEQUILA,,"6,572.00"
,,,PATRON SILVER 750ML,,"8,025.00"
,,,PAYROLL RECOVERY,,"264,050.80"
,,,PEARLY BAY SWEET RED 750ML,,922.00
,,,PEARLY  BAY SWEET WHITE 750ML,,922.00
,,,PENASOL  DRY RED 1L,,795.00
,,,PENASOL  DRY WHITE 1L,,795.00
,,,PENASOL MEDIUM SWEET RED 1L,,795.00
,,,PENASOL MEDIUM SWEET WHITE  1LT,,795.00
,,,Pierre Marcel Sweet Red 1.5,,"2,173.00"
,,,Pierre Marcel Sweet Red 750,,"1,166.00"
,,,PIERRE MARCEL SWEET ROSE 750ML,,"1,166.00"
,,,Pierre Marcel  Sweet White  750,,"1,166.00"
,,,PILSNER CAN 500ML,,203.94
,,,PROSECCO D.O ZONIN 750ML,,"1,853.00"
,,,Q2  REBATE,,"1,405,043.32"
,,,QB ENERGY DRINK,,123.60
,,,REDBULL 250ml,,184.14
,,,REDBULL SUGAR FREE 250ml,,184.00
,,,RED LABEL NO CORK 750ML,,"1,039.00"
,,,REMY MARTIN VSOP 1L,,"9,835.00"
,,,REMY MARTIN VSOP 750ML,,"8,155.54"
,,,REMY MARTIN XO 750ML,,"31,463.35"
,,,RESERVE 7 375ML,,367.50
,,,RESERVE 7 750ML,,787.50
,,,RICHOT 250ML,,423.33
,,,RICHOT 350ML,,597.40
,,,RICHOT 750ML,,"1,271.02"
,,,ROBERTSON RED 1.5L,,"1,782.00"
,,,ROBERTSON RED 750ML,,"1,026.00"
,,,ROBERTSON WHITE 1.5L,,"1,782.00"
,,,ROBERTSON WHITE 750ML,,"1,026.00"
,,,ROCKSTAR VODKA 250ML,,110.25
,,,ROLLER CRISP APPLE 330ML BTL,,186.00
,,,ROLLER RASBERRY PEACH 330ML BTL,,186.00
,,,ROOSTER ROJO  AHUMADO 700ML,,"5,720.00"
,,,ROOSTER ROJO ANEJO,,"5,170.00"
,,,ROOSTER ROJO BLANCO 700ML,,"4,400.00"
,,,ROOSTER ROJO MEZCAL 700ML,,"6,270.00"
,,,ROOSTER ROJO REPOSADO 700ML,,"4,620.00"
,,,ROSSO NOBILE CHERRY 750ML,,"1,254.00"
,,,ROSSO NOBILE CIOCCOLATA 750ML,,"1,539.00"
,,,ROSSO NOBILE EXPRESSO 750ML,,"1,368.00"
,,,ROSSO NOBILE NOUGAT 750ML,,"1,482.00"
,,,ROYAL DUTCH 12% 500ML,,228.00
,,,ROYAL DUTCH 14% 500ML,,233.00
,,,ROYAL DUTCH  16% 500ML,,249.00
,,,ROYAL SALUTE WHISKY 21 YO 700ML,,"14,989.00"
,,,ROYAL STAG 350ml,,577.95
,,,ROYAL STAG 750ML,,894.84
,,,RUPERT & ROTHSCHILD CLASSIQUE,,"3,668.00"
,,,RUST EN VREDE ESTATE,,"8,084.00"
,,,SAFARI H2O 1LR,,43.00
,,,SAFARI H2O 500ML,,21.00
,,,SAFARI KINGS,,212.18
,,,SAFARI LEMONADE 300ML,,41.00
,,,SAINT ANNA 1.5L,,"1,605.00"
,,,SAINT ANNA 750ML,,879.80
,,,SAMANTHA RED 750,,"1,087.15"
,,,SAMANTHA ROSE 750,,"1,087.15"
,,,SAMANTHA WHITE 750,,"1,087.15"
,,,SAVANNA 0.0 330ML,,243.97
,,,SAVANNA ANGRY LEMON 330ML,,263.00
,,,SAVANNA DRY 330ML,,246.00
,,,SCOTTICH LEADER  3 YRS 750ML,,"1,727.00"
,,,SCOTTISH EADER 12YRS 750ML,,"3,503.00"
,,,SHERIDANS 1L,,"4,786.56"
,,,SINGLETON DUFFTOWN  12 years  750ML,,"4,670.00"
,,,SINGLETON DUFFTOWN 15YRS 750ML,,"6,493.20"
,,,SINGLETON DUFFTOWN 18YRS 750ML,,"8,629.95"
,,,SIR EDWARD'S WHISKY 700ML,,"1,325.00"
,,,SMIRNOFF BLACK ICE CAN 330ML,,178.19
,,,SMIRNOFF GUARANA 330ML,,178.19
,,,SMIRNOFF ICE PINEAPLE CAN 330ML,,178.19
,,,SMIRNOFF VODKA 1L RED,,"1,651.52"
,,,SMIRNOFF VODKA 250ML,,423.33
,,,SMIRNOFF VODKA 350ML,,590.19
,,,SMIRNOFF VODKA  750ML,,"1,271.02"
,,,SM -SWEET MENTHOL,,355.35
,,,SNAPP 330ML,,178.19
,,,SOCO,,"2,017.00"
,,,SOUTHERN COMFORT 1LTR,,"2,860.00"
,,,SOUTHERN COMFORT 375ML,,"1,020.80"
,,,SOUTHERN COMFORT 750ML,,"1,818.94"
,,,SPORTSMAN,,359.47
,,,ST. CELINE,,879.80
,,,stellenbosch reserve cab sauv,,"3,794.00"
,,,Stellenbosch  Reserve chardonay,,"3,070.00"
,,,Stellenbosch reserve merlot,,"3,794.00"
,,,ST HELENA GRAN VINO TINTO 750ML,,793.94
,,,STOLICHNAYA VODKA 750ML  40%,,"1,651.48"
,,,STRAWBERRY LIPS 750ML,,"2,214.90"
,,,ST REMY VSOP 1L,,"1,926.00"
,,,ST REMY VSOP 750ML,,"1,484.00"
,,,SUPREME VODKA 250ML,,198.84
,,,SUPREME VODKA 750ML,,593.00
,,,TALISKER 10 YRS 750ML,,"6,318.00"
,,,Talisker Stom 700ml,,"5,337.00"
,,,TALL HOARSE PINOTAGE ROSE,,"1,234.90"
,,,TALL HOARSE SWEET RED 750,,"1,234.90"
,,,TALL HORSE CAB SAUV 750ML,,"1,246.55"
,,,TALL HORSE CHARDONY 750ML,,"1,234.90"
,,,TALL HORSE MERLOT 750ML,,"1,234.90"
,,,TALL  HORSE PINOTAGE 750ML,,"1,234.90"
,,,TALL HORSE SAUV BLANC 750ML,,"1,234.90"
,,,TALL HORSE SHIRAZ 750ML,,"1,234.90"
,,,TANQUERAY DRY GIN 1L,,"3,213.00"
,,,TANQUERAY GIN 750ML,,"2,428.90"
,,,TANQUERY NO 10. 1L,,"5,062.00"
,,,TANQUERY NO 10 750ML,,"4,232.00"
,,,Tanquery Rangpur  Lime 700ml,,"2,540.00"
,,,TANQUERY ROYALE 700ML,,"2,540.00"
,,,Tanquery sevila gin 1l,,"3,328.00"
,,,TANQUERY SEVILLA 750ML,,"2,540.00"
,,,TATA TRUCK,,"7,323,300.00"
,,,TEACHERS 1L,,"1,998.00"
,,,TEACHERS 350ML,,824.00
,,,TEACHERS 750ML,,"1,712.00"
,,,TEQUILA CAMINO CLEAR 750ML,,"2,354.00"
,,,TEQUILA CAMINO GOLD 750ML,,"2,332.00"
,,,TEQUILA ROSE  750ML,,"2,106.00"
,,,THE CHOCOLATE BLOCK 750ML,,"3,488.00"
,,,THE GUVNOR TINTO 750ML,,"1,839.19"
,,,THE MACALLAN  18Y0  DOUBLE CASK WHISKY 700ML,,"56,048.77"
,,,THREE BARREL VSOP 1L,,"2,160.00"
,,,THREE BARREL VSOP750ML,,"1,296.00"
,,,TIA MARIA 1L,,"2,916.00"
,,,Tilia Cab Sauv 750ML,,"1,590.00"
,,,TILIA MALBEC 750ML,,"1,588.94"
,,,TOP SECRET 250ML,,262.00
,,,TOP SECRET  750ML,,733.00
,,,TRIPLE ACE VODKA 250ML,,199.82
,,,TRIPPLE ACE 750ML,,561.60
,,,TRUMPET MALBEC 2023,,"1,877.00"
,,,Trust Classic,,569.00
,,,Trust ribbed,,882.00
,,,Trust studded,,882.00
,,,TULLAMORE DEW 1L,,"3,392.00"
,,,TULLAMORE DEW 750ML,,"2,523.00"
,,,TUSKER CAN 500,,204.20
,,,TUSKER CIDER 500ML,,241.02
,,,TUSKER LITE 500ML,,248.23
,,,TUSKER MALT CAN,,248.23
,,,UPRISE WHISKY & COLLA,,249.60
,,,URBAN WHISKY 250ML,,392.00
,,,URBAN WHISKY 750ML,,965.00
,,,V & A 250ML,,300.76
,,,V & A 750ML,,782.87
,,,VAT 1L,,"1,908.00"
,,,VAT 250ML,,519.12
,,,VAT 69 350ML,,782.80
,,,VAT 69  750ML,,"1,449.00"
,,,VERSUS SWEET RED 750ML,,"1,078.00"
,,,VERSUS SWEET WHITE 750ML,,"1,078.00"
,,,VEUVE CLICQUOT BRUT 750ML,,"13,200.00"
,,,VICEROY 250ML,,435.00
,,,VICEROY 350,,641.00
,,,VICEROY 750ML,,"1,243.00"
,,,VILLON COGNAC 700ML,,"3,456.00"
,,,VODKA ELIT 750ML,,"5,983.44"
,,,VOGA PROSECCO DOC EXTRA DRY LIMITED EDITION 750ML,,"3,323.00"
,,,VOGA PROSECCO DOC ROSE EXTRA DRY MILLESIMATO 750ML,,"2,835.00"
,,,Wderlust Ginger 300ml,,257.76
,,,WHITE CAP 500ML.,,222.48
,,,WHITE CAP CRISP CAN,,243.00
,,,WHITEHALL FIRE 1L,,"1,431.00"
,,,WHITE HALL FIRE 750ML,,888.00
,,,WHITEHALL HONEY 1L,,"1,431.00"
,,,WHITE HALL HONEY 750ML,,888.00
,,,WHITE HOUSE 375ML,,490.50
,,,WHITE HOUSE 750ML,,975.55
,,,WHITE PEARL  250ML,,218.84
,,,WHITE PEARL 750ML,,647.50
,,,WHITE PEARL PINK 250ML,,218.84
,,,WHITE PEARL PINK 750ML,,647.50
,,,WHITE WALKER 1L,,"4,695.80"
,,,WHITE WALKER 750ML,,"3,763.00"
,,,WHITLEY NEIL R&G GIN 43% 1L,,"2,756.00"
,,,WHITLEY NEIL R&G GIN 43% 700ML,,"2,332.00"
,,,WILD TURKEY BOURBON WHISKY 700ML,,"2,703.00"
,,,WILLIAM LAWSON  1.5L,,"2,951.46"
,,,WILLIAM LAWSON 1L,,"2,414.52"
,,,WILLIAM LAWSON 350ML,,941.64
,,,WILLIAM LAWSONS 750ML,,"1,813.74"
,,,WILLIAM LAWSON SPICED 750ML,,"1,618.80"
,,,Windhoek 330ml Draught,,190.00
,,,Windhoek 330ML LGR,,190.00
,,,WOODFORD RESERVE 700ML,,"4,770.00"
,,,Zacapa Cent 23 750ml,,"7,654.00"
,,,ZAPPA BLACK 750ML,,"1,350.00"
,,,ZAPPA BLUE 750ML,,"1,350.00"
,,,ZAPPA CLEAR 750ML,,"1,350.00"
,,,ZAPPA GREEN 750ML,,"1,325.00"
,,,ZAPPA RED 750ML,,"1,350.00"