page,raw_line,lane_candidate,matched_lane,rate_1,rate_2,lane,rate_value,diff_rate_1
9,"KOLNGO F24- ATHIRIVER LAT BEER BEER NBO NAIROBI | ATHIRIVER 141 33,717.07 12,345.36",F24- ATHIRIVER LAT BEER,KBL NBO F20 - ATHIRIVER 30T BEER,33717.07,12345.36,KBL NBO F20 - ATHIRIVER 30T BEER,637.12,33079.95
9,"KEL NEO F24. BOMET 147 BEER BEER N RINT bomet 1aT 57,363.99 ee",F24. BOMET 147 BEER,,57363.99,,,,
9,"NBO F24- RUNGOMA 147 BEER BEER NBO RIFT BUNGOMA 447 99,104.00",F24- RUNGOMA 147 BEER,KBL NBO F20 - BUNGOMA 14T BEER,99104.0,,KBL NBO F20 - BUNGOMA 14T BEER,372.05,98731.95
9,"KBL NBO F24- BUSIA 347 BEER BEER NBO UAKE |BUSIA 1a 110,943.09 99,848.78",F24- BUSIA 347 BEER,,110943.09,99848.78,,,
9,"KDL.NDO F24-CHUKA 147 BEER BEER NBO MOUNTAIN |CHUKA aaT A3,047,79 30,743.01",F24-CHUKA 147 BEER,,30743.01,,,,
9,"MBL NBO F24 - ELDORET 147 BEER BEER NBO RIFY FLDORET 1aT 79,998.73 71,998.84",F24 - ELDORET 147 BEER,KBL NBO F20 - ELDORET 14T BEER,79998.73,71998.84,KBL NBO F20 - ELDORET 14T BEER,990.52,79008.20999999999
9,"KBL NBO F24 . EMOU 147 BEER impu 1aT 34,004.38 30,603.94",F24. EMOU 147 BEER,,34004.38,30603.94,,,
9,"KBLNEO F24- GIKOMBA 147 BEER GIKOMBA aT 15,851.56 14,266.40",F24- GIKOMBA 147 BEER,KBL NBO F20 - GIKOMBA 14T BEER,15851.56,14266.4,KBL NBO F20 - GIKOMBA 14T BEER,534.24,15317.32
9,"KBLN8O F24 . HURLIGHUM DEF 147 BEER NAIROB! | HURLIGHUM DEF iat 31,508.82 10,717.94",F24. HURLIGHUM DEF 147 BEER,,31508.82,10717.94,,,
9,"KBL NBO F24 - INDUSTRIAL AREA 14T BEER BEER NBO NAIROBI [INDUSTRIAL AREA ua a 12,329.14",F24 - INDUSTRIAL AREA 14T BEER,KBL NBO F20 - INDUSTRIAL AREA 14T BEER,12329.14,,KBL NBO F20 - INDUSTRIAL AREA 14T BEER,111.04,12218.099999999999
9,"KBL NBO F24 . ISIOLO 147 BEER GEER Noo MOUNTAIN | 5100 lat 57,558.23 60,802.41",F24. ISIOLO 147 BEER,,57558.23,60802.41,,,
9,"KGL NAO F24- KABARNET 147 BEER GEER NBO RIFT KABARNET 1aT 81,725.20 73,552.68",F24- KABARNET 147 BEER,KBL NBO F20 - KABARNET 14T BEER,81725.2,73552.68,KBL NBO F20 - KABARNET 14T BEER,752.24,80972.95999999999
9,"KOL NBO F24- KABATI 147 BEER BEER NBO MOUNTAIN |KABATI 1aT 17,801,18 16,021.06",F24- KABATI 147 BEER,KBL NBO F20 - KABATI 14T BEER,16021.06,,KBL NBO F20 - KABATI 14T BEER,923.65,15097.41
9,"KBL NBO F24 - KANGEMA LAT BEER BEER Nao jeune Kangara uar 27,165.18 24,628.66",F24 - KANGEMA LAT BEER,,27165.18,24628.66,,,
9,"KBL NGO F24. KIBERA 147 BEER BEER NBO WAMmOD! _|KIBERA iat 10,372.17 9,334.95",F24. KIBERA 147 BEER,,10372.17,9334.95,,,
9,"KBL NBO F24 - KISH 147 BEER BEER NBO fas ASH iat 74,580.04 67,322.05",F24 - KISH 147 BEER,,74580.04,67322.05,,,
9,"KBL NEO F24- KITALE 147 BEER BEER NBO RIFT KITALE 147 4,274.52 84,847.07",F24- KITALE 147 BEER,KBL NBO F20 - KITALE 14T BEER,4274.52,84847.07,KBL NBO F20 - KITALE 14T BEER,577.75,3696.7700000000004
9,"KBL NBO F24 - KITU 147 BEER Heer Noo coast | KiTul 1aT 41,298.10 37,168.29",F24 - KITU 147 BEER,KBL NBO F20 - KITUI 14T BEER,41298.1,37168.29,KBL NBO F20 - KITUI 14T BEER,500.1,40798.0
9,"KBL NBO F24 - LANET 147 BEER BEER his} T ul aT 46,202.47 41,582.22",F24 - LANET 147 BEER,,46202.47,41582.22,,,
9,"KGL NBO F24- LIMURU 141 BEER rer Ngo NAIROBI |LIMURU 1aT 15,643.03 14,078.73",F24- LIMURU 141 BEER,KBL NBO F20 - LIMURU 14T BEER,15643.03,14078.73,KBL NBO F20 - LIMURU 14T BEER,321.46,15321.570000000002
9,"KBL NBO F24 - MACHAKOS 147 BEER BEER NBO [coast |MACHAKas “aay 22,126.95 19,914.26",F24 - MACHAKOS 147 BEER,KBL NBO F20 - MACHAKOS 14T BEER,22126.95,19914.26,KBL NBO F20 - MACHAKOS 14T BEER,937.71,21189.24
9,"K@L NEO F24 - MARALAL 147 BEER 141 8,951,72 73,765.55",F24 - MARALAL 147 BEER,KBL NBO F20 - MARALAL 14T BEER,73765.55,,KBL NBO F20 - MARALAL 14T BEER,993.59,72771.96
9,"KBL NEO F24. MATHARE 147 BEER BEER INBO [NAIROBI [MATHARE 147 10,764.17 9,687.75",F24. MATHARE 147 BEER,,10764.17,9687.75,,,
9,"KBLNGO F24- MERU 14T BEER BEER INBO | MOUNTAIN |MERU ur 49,332.59 44,399.33",F24- MERU 14T BEER,KBL NBO F20 - MERU 14T BEER,49332.59,44399.33,KBL NBO F20 - MERU 14T BEER,698.56,48634.03
9,"KEL NBO F24 - MOGOTIO 147 BEER GEE Ngo RT. moGotio 1aT 56,023.16 50,420.84",F24 - MOGOTIO 147 BEER,,56023.16,50420.84,,,
9,"KBL NBO F24 - MTONGWE 147 BEER BEER NRO coast [Mionawt eth 417,378.03 105,640.23",F24 - MTONGWE 147 BEER,,417378.03,105640.23,,,
9,"KGL NBO F24 - MURANGA 147 BEER Oren NRO MOUNTAIN |MURANGA 14T 24,495.00 22,045.50",F24 - MURANGA 147 BEER,KBL NBO F20 - MURANGA 14T BEER,24495.0,22045.5,KBL NBO F20 - MURANGA 14T BEER,354.08,24140.92
9,"BL NBO F24 - MWIKI14T BEER NAIROBI |MWiKI ut 10,764.17 9,687.75",F24 - MWIKI14T BEER,KBL NBO F20 - MWIKI 14T BEER,10764.17,9687.75,KBL NBO F20 - MWIKI 14T BEER,243.03,10521.14
9,"KBLNOO F24 - NAIROBI 147 BEER BEER Ngo NAIROBI [NAIROAL 1at 13,476.02 12,129.14",F24 - NAIROBI 147 BEER,KBL NBO F20 - NAIROBI 14T BEER,13476.02,12129.14,KBL NBO F20 - NAIROBI 14T BEER,111.04,13364.98
9,"KBL NBO F24 - NRB NASRA 14T BEER oben Noo NAIROB) _|NRB NASRA ED 1aT 10,666.17 9,599.55",F24 - NRB NASRA 14T BEER,KBL NBO F20 - NRB NASRA 14T Beer,10666.17,9599.55,KBL NBO F20 - NRB NASRA 14T Beer,243.03,10423.14
9,"KAl NBO F24 - RONGAI14T BEER Rongal 1aT 11,899.85 10,709.87",F24 - RONGAI14T BEER,,11899.85,10709.87,,,
9,"KBL NBO F24- RUIRU 147 BEER RUIRU 14T 13,476.82 12,329.14",F24- RUIRU 147 BEER,KBL NBO F20 - RUIRU 14T BEER,13476.82,12329.14,KBL NBO F20 - RUIRU 14T BEER,111.04,13365.779999999999
9,"KBL NBO F24- TALA 147 BEER TAA 1at 29,031.72 26,128.55",F24- TALA 147 BEER,KBL NBO F20 - TALA 14T BEER,29031.72,26128.55,KBL NBO F20 - TALA 14T BEER,983.38,28048.34
9,"KBL NBO F24. UKUNDA 147 BEER UKUNDA 1aT} 124,170.03 111,753.03",F24. UKUNDA 147 BEER,,124170.03,111753.03,,,
10,"KBL NBO F24- CHUKA 307 BEUR BEER NBO MOUNTAIN |CHUKA 307 69,045.12 62,140.61 6,904.51",F24- CHUKA 307 BEUR BEER,,69045.12,62140.61,,,
10,"KOLNBO F24. EMALI30T BEER OLE Noo coast [EMAL 307 52,623.99 47,361.59 5,262.40",F24. EMALI30T BEER,,52623.99,47361.59,,,
10,"KOLNDO F24- EMBU 30T BEER BEER Neo MOUNTAIN |EMBU 307 56,317.10 50,685.39 5,63L.71",F24- EMBU 30T BEER,KBL NBO F20 - EMBU 30T BEER,56317.1,50685.39,KBL NBO F20 - EMBU 30T BEER,26.67,56290.43
10,"KEL NBO F24- GARISSA 30T BEER BUER [Ngo MOUNTAIN [GARISSA aay 149,174.63 134,257.17 14,517.48",F24- GARISSA 30T BEER,KBL NBO F20 - GARISSA 30T BEER,149174.63,134257.17,KBL NBO F20 - GARISSA 30T BEER,578.2,148596.43
10,"XBLNGO F24. GIKOMBA 307 BEER NAIROBI [GIKOMBA 30T 10,006.20 16,277.58 1,808.62",F24. GIKOMBA 307 BEER,KBL NBO F20 - GIKOMBA 30T BEER,10006.2,16277.58,KBL NBO F20 - GIKOMBA 30T BEER,814.48,9191.720000000001
10,"KGLNAG F24 - GiLGil SOY MEER BEER NBO RIFT JGiLGit 301 55,779.97 50,201.97 5,578,00",F24 - GiLGil SOY MEER BEER,,55779.97,50201.97,,,
10,"KOL NIG F24- HURLIGHUM DEF 307 BEER AIROML —|HUALIGHUM DEF 30T 18,086.20 16,277.58 1,808.62",F24- HURLIGHUM DEF 307 BEER,,18086.2,16277.58,,,
10,"KBL NBO F24-HURUMA 307 BEER NAIROBI Huruma sar 46,750,97 15,075.87 1,675.10",F24-HURUMA 307 BEER,,15075.87,1675.1,,,
10,"MBL NGO F24- KABARNET 30T BEER RIFT KABARNET 3aT 123.952,00 109,756.80 _12,195.20|",F24- KABARNET 30T BEER,KBL NBO F20 - KABARNET 30T BEER,123.95,109756.8,KBL NBO F20 - KABARNET 30T BEER,800.0,-676.05
10,"- 5 F24. KAPSABET 30T BEER NbO RIFT Kapsabet 30T 128,215.14 111,343.63 12,371.51 |",F24. KAPSABET 30T BEER,,128215.14,111343.63,,,
10,"OL NAO F24- KERICHO 307 BEER Noo Aue KERICHO 30T 106,344.77 93,730.29 10,634.48",F24- KERICHO 307 BEER,KBL NBO F20 - KERICHO 30T BEER,106344.77,93730.29,KBL NBO F20 - KERICHO 30T BEER,874.25,105470.52
10,"KBL NBO F24- LOKICHOGIO SOT 6 BEER 307] 321,264.99 289,138.49 32,326.90",F24- LOKICHOGIO SOT 6 BEER,KBL NBO F20 - LOKICHOGIO 30T BEER,321264.99,289138.49,KBL NBO F20 - LOKICHOGIO 30T BEER,180.6,321084.39
10,"KBL NBO F24- MARALAL 307 BEER BEER 30T 297,006.31 267,305.68 29,700.63",F24- MARALAL 307 BEER,KBL NBO F20 - MARALAL 30T BEER,297006.31,267305.68,KBL NBO F20 - MARALAL 30T BEER,426.85,296579.46
10,"KUL NAO F24- MARSAQIT 307 ACER BEER NBO MOUNTAIN [MARS ABIT jot 197,506.59 177,755.93 49,750.66",F24- MARSAQIT 307 ACER BEER,,197506.59,177755.93,,,
10,"KGL NGO F24- MATHARE 307 BEER BEER Nao NAIROM —[MATHARE 307 14,798.80 13,318.92 1,479.88",F24- MATHARE 307 BEER,,14798.8,13318.92,,,
10,"KBL.NBO F24- MOGOTIO 30T BEER BEER [NBO RIFT MOGOTIO 30T 89,138.20 80,224.38 6,913.82",F24- MOGOTIO 30T BEER,,89138.2,80224.38,,,
10,"KBL NBO F24. MURANGA 30T BEER BEER NBO MOUNTAIN [MURANGA 30T 34,535.32 31,059.61 3,455.51",F24. MURANGA 30T BEER,KBL NBO F20 - MURANGA 30T BEER,34535.32,31059.61,KBL NBO F20 - MURANGA 30T BEER,619.51,33915.81
10,"KUL NBO F24- MWIKIZOT BEER BEER NBO NAIKOOL [WIKI 307 14,798.80 13,318.92 1,479.88",F24- MWIKIZOT BEER,,14798.8,13318.92,,,
10,"KBL.NBO F24- NAIROBI THT 30T GEER BEER Nb NAIROBI [NAIROBI THT _30T 14,798.80 13,718.92 1,479.88",F24- NAIROBI THT 30T GEER BEER,,14798.8,13718.92,,,
10,"KBL NBO F24- NAIVASHA 307 BEER BEER NGO RIFT NAIVASHA i0F 45,257.04 40,732.06 4,525.78",F24- NAIVASHA 307 BEER,KBL NBO F20 - NAIVASHA 30T BEER,45257.04,40732.06,KBL NBO F20 - NAIVASHA 30T BEER,840.66,44416.38
10,"KGL NBO F24- NANOK JOT BLER BEER NEO RIFT NAROK jor 41,275.44 37,147.90 4,127.44",F24- NANOK JOT BLER BEER,,41275.44,37147.9,,,
10,"KALNBO F24- NKUBU JOT BEER NEO MOUNTAIN [NKUDU 30T 86,540.65 77,886.59 8,654.07",F24- NKUBU JOT BEER,,86540.65,77886.59,,,
10,"KBL NSO F24- NYALI30T BEER BEER NO COAST NYALI 30T 189,644.62 270,600.16 16,964.46",F24- NYALI30T BEER,,189644.62,270600.16,,,
10,"KBL NBO F24. NYERI30T BEER NBO MOUNTAIN [NVERI 307! $9,208.23 $3,287.41 5,920.82",F24. NYERI30T BEER,,9208.23,3287.41,,,
10,"Kil, NBO F24 - OTHAYA JOT DEER BEER NEO MOUNTAIN [OTHAYA 307! 49,452.75 44,507 48 4,945.20",F24 - OTHAYA JOT DEER BEER,,49452.75,4945.2,,,
10,"KBL NBO F24- RONGAI30T BEER nee [wag NAIROBI |Rongal 307! 17,263.63 15,537.25 1,726.36",F24- RONGAI30T BEER,,17263.63,15537.25,,,
10,"Kal NOO F24- AUIRU JOT DEER IBEER NBO. MOUNTAIN [RUIRU 307) 17,439.73 15,695.84 “3,243,",F24- AUIRU JOT DEER IBEER,,17439.73,15695.84,,,
10,"KGL NBO F24- TALA 307 BEER BEER OAST —_|TALA 307 32,979.00 29,601,10 3,297.90",F24- TALA 307 BEER,KBL NBO F20 - TALA 30T BEER,32979.0,3297.9,KBL NBO F20 - TALA 30T BEER,11.23,32967.77
10,"KBL NBO F24- TAVETA 307 BEER NBO COAST _|TAVETA 30T 135,259.09 121,733.18 13,525.91",F24- TAVETA 307 BEER,KBL NBO F20 - TAVETA 30T BEER,135259.09,121733.18,KBL NBO F20 - TAVETA 30T BEER,686.97,134572.12
10,"KBL NGO F24- THIKA 207 GEER BEER NBO MOUNTAIN [THIKA 307! 23,278.04 20,950.24 2,927.90",F24- THIKA 207 GEER BEER,,23278.04,20950.24,,,
10,"KBL NBO F24- UKUNDA 30T BEER Jacek NGO COAST [UKUNDA 307] 142,485.00 120,146.50 14,238.50",F24- UKUNDA 30T BEER,,142485.0,120146.5,,,
10,"KOU NDO F24-ATHIAIVER 7.57 BEER NEO NAIROBI [ATHIRIVER LST 13,274.85 10,147.37",F24-ATHIAIVER 7.57 BEER,KBL NBO F20 - ATHIRIVER 7.5T BEER,7.57,13274.85,KBL NBO F20 - ATHIRIVER 7.5T BEER,864.13,-856.56
10,"KBL NBO F24 - BOMET 7.5T BEER JBEER ———[NOO Aur BOMET 757 43,687.77 39,418.99",F24 - BOMET 7.5T BEER,KBL NBO F20 - BOMET 7.5T BEER,43687.77,39418.99,KBL NBO F20 - BOMET 7.5T BEER,938.54,42749.229999999996
10,"KBL NBO F24 - BURUBURU 7.57 BEER BEER NBO 757] 11,138.83 024",F24 - BURUBURU 7.57 BEER,,7.57,11138.83,,,
10,"KBLNGO F24. GUSIA 7.5T BEER poten NEO 7.51 63,941.74 75,547.57",F24. GUSIA 7.5T BEER,,7.51,63941.74,,,
11,"KBL NOO F24 - DAGORETTI CORNER 7.5T BEER DAGORET CONNER 25t 41,135,3 10,024.95",F24 - DAGORETTI CORNER 7.5T BEER,KBL NBO F20 - DAGORETTI CORNER 30T BEER,10024.95,,KBL NBO F20 - DAGORETTI CORNER 30T BEER,770.32,9254.630000000001
11,"KBLNBO F24. DANDORA 7.5T BEER DANDORA 7.57 9,050.36 8,145.32",F24. DANDORA 7.5T BEER,,7.57,9050.36,,,
11,"KBL NBO F24 - EMALI7.ST BEER MAU 7.5 26,766.48 24,089.83",F24 - EMALI7.ST BEER,KBL NBO F20 - EMALI 7.5T BEER,26766.48,24089.83,KBL NBO F20 - EMALI 7.5T BEER,671.92,26094.56
11,"8O F24-GATUNDU 7.57 BEER GATUNDU 2.51 23,556.07 ~_42,201,18",F24-GATUNDU 7.57 BEER,KBL NBO F20 - GATUNDU 7.5T BEER,7.57,2.51,KBL NBO F20 - GATUNDU 7.5T BEER,192.73,-185.16
11,"KBLNBO F24 - GILGIL 7.S7 BEER GILGIL 7.57 27,076.49 24,468.84",F24 - GILGIL 7.S7 BEER,KBL NBO F20 - GILGIL 7.5T BEER,7.57,27076.49,KBL NBO F20 - GILGIL 7.5T BEER,988.26,-980.6899999999999
11,"KOL NBO F24- NURLIGHUM DEF 7.57 BEER HURUIGHUM DEF 251 10,158.83 9,142.95",F24- NURLIGHUM DEF 7.57 BEER,,7.57,10158.83,,,
11,"KL NBO F24. HURUMA 7.57 BEER HURUMA ST 11,138.83 10,024.95",F24. HURUMA 7.57 BEER,,7.57,11138.83,,,
11,"KBL NGO F24- KAGIO 7.5T BEER 2,51 23,871.40 21,484.26",F24- KAGIO 7.5T BEER,,23871.4,21484.26,,,
11,"KOL NBO F24- KERICHO 7.5T BEER KERICHO 2.57 49,087.93 44,899.12",F24- KERICHO 7.5T BEER,KBL NBO F20 - KERICHO 7.5T BEER,2.57,49087.93,KBL NBO F20 - KERICHO 7.5T BEER,265.22,-262.65000000000003
11,"KBL NEO F24 . KIBERA 7.57 BEER fA 751 9,050.36 8,145.32",F24. KIBERA 7.57 BEER,KBL NBO F20 - KIBERA 7.5T BEER,7.57,9050.36,KBL NBO F20 - KIBERA 7.5T BEER,794.24,-786.67
11,"KBL NBO F24 - KIBWEZI7.ST BEER KIBWEZI 7.57 38,727.67 34,854.90",F24 - KIBWEZI7.ST BEER,KBL NBO F20 - KIBWEZI 7.5T BEER,7.57,38727.67,KBL NBO F20 - KIBWEZI 7.5T BEER,877.22,-869.65
11,"KOL HOO F24- KIS 7.57 BEER ISI 7.57 56,369.44 $0,732.80",F24- KIS 7.57 BEER,,7.57,7.57,,,
11,"KBL NBO F24 - KITALE 7.57 BEER RITALE 751 68,220.40 61,405.56",F24 - KITALE 7.57 BEER,KBL NBO F20 - KITALE 7.5T BEER,7.57,68220.4,KBL NBO F20 - KITALE 7.5T BEER,980.0,-972.43
11,"KALNGO F24 - KITUI7.ST BEER Kirul 2:57 32,141.62 28,927.46",F24 - KITUI7.ST BEER,KBL NBO F20 - KITUI 7.5T BEER,32141.62,28927.46,KBL NBO F20 - KITUI 7.5T BEER,156.76,31984.86
11,"KBL NEO F24 - LIMURU 7.5T BEER MURU 7.51 32,735.36 11,461.82",F24 - LIMURU 7.5T BEER,KBL NBO F20 - LIMURU 7.5T BEER,7.51,32735.36,KBL NBO F20 - LIMURU 7.5T BEER,354.45,-346.94
11,"KBLNOO F24 - LOITOKTOK 7.57 BEER LOMTOKTOK 731 37,151.73 73,436.54",F24 - LOITOKTOK 7.57 BEER,,7.57,37151.73,,,
11,"KDLUNGO F24 - MACHAKOS 7.57 BEER MACHARKOS 757 17,200.08 15,870.07",F24 - MACHAKOS 7.57 BEER,KBL NBO F20 - MACHAKOS 7.5T BEER,7.57,17200.08,KBL NBO F20 - MACHAKOS 7.5T BEER,12.32,-4.75
11,"KBL NBO F24 - MAKONGENI 7.57 BEER MAKONGENI 751 13,851,38 12,466.24",F24 - MAKONGENI 7.57 BEER,,7.57,12466.24,,,
11,"KBL.NOO F246. MATHARE 7.57 BEER 251 9,950,36 8,345.32",F246. MATHARE 7.57 BEER,,7.57,8345.32,,,
11,"KBL NEO F24 . MAUA 7.5T BEER 7.51 50,867.91 45,781.12",F24. MAUA 7.5T BEER,KBL NBO F20 - MAUA 7.5T BEER,7.51,50867.91,KBL NBO F20 - MAUA 7.5T BEER,265.22,-257.71000000000004
11,"KBL NSO F24- MOGOTIO 7.5T BEER 751 43,134.94 38,911.45",F24- MOGOTIO 7.5T BEER,,43134.94,38911.45,,,
11,"Kil NDO F24- MTONGWE 7.57 BEER 7.51 88,692.23 79,022.99",F24- MTONGWE 7.57 BEER,,7.57,7.51,,,
11,"KBL NBO F24 - MURANGA 7.ST BEER 2.57 19,303.10 17,372.79",F24 - MURANGA 7.ST BEER,KBL NBO F20 - MURANGA 7.5T BEER,2.57,19303.1,KBL NBO F20 - MURANGA 7.5T BEER,56.22,-53.65
11,"KBL NBO F24- MWIKI 7.57 BEER 3 9,050.36 8,145.32",F24- MWIKI 7.57 BEER,KBL NBO F20 - MWIKI 7.5T BEER,7.57,9050.36,KBL NBO F20 - MWIKI 7.5T BEER,794.24,-786.67
11,"KBLNGO F24- NAKURU 7.57 BEER BEER NBO RIFT NAKURU 2.57 33,433.69 30,088,407",F24- NAKURU 7.57 BEER,KBL NBO F20 - NAKURU 7.5T BEER,7.57,2.57,KBL NBO F20 - NAKURU 7.5T BEER,473.09,-465.52
11,"KBLNBO F24- NANYUKI7.ST BEER BEEN N&O MOUNTAIN |NANYUKI 757 37,201.69 33,481.52",F24- NANYUKI7.ST BEER,KBL NBO F20 - NANYUKI 7.5T BEER,37201.69,33481.52,KBL NBO F20 - NANYUKI 7.5T BEER,320.09,36881.600000000006
11,"KBL.NBO F24 - NGONG 7.5T BEER BEER NBO NAMOB! |NGONG 73st 12,793.88 11,514.49",F24 - NGONG 7.5T BEER,KBL NBO F20 - NGONG 7.5T BEER,12793.88,11514.49,KBL NBO F20 - NGONG 7.5T BEER,414.16,12379.72
11,"KAL NBO F24- NIORO 7.57 BEER oven NBO MOUNTAIN |NIORO 75T 36,531.70 32,878.53",F24- NIORO 7.57 BEER,,7.57,36531.7,,,
11,"KBL NBO F24 . NRB NASRA 7.ST BEER JHceR [NBO ARON [WY 7.5 9,050.36 6,145.32",F24. NRB NASRA 7.ST BEER,,9050.36,6145.32,,,
11,"KBL NBO F24 - NVERI7.5T BEER DEER NiO [MOUNTAIN [NYERI 251 30,898.75 27,808.88",F24 - NVERI7.5T BEER,KBL NBO F20 - NYERI 7.5T BEER,30898.75,27808.88,KBL NBO F20 - NYERI 7.5T BEER,888.52,30010.23
11,"KAL NBO F24 - OTHAYA 7.57 DEER BEER [NBO MOUNTAIN [OTHAVA 7.57 25,079.00",F24 - OTHAYA 7.57 DEER BEER,,7.57,7.57,,,
11,"KBL NBO F24 . TAVETA 7.57 BEER nN N EGAST _|TAVETA 7:8T 63,839.27 57,455.34",F24. TAVETA 7.57 BEER,KBL NBO F20 - TAVETA 7.5T BEER,7.57,63839.27,KBL NBO F20 - TAVETA 7.5T BEER,111.45,-103.88
11,"KGL NAO F24- VOI7.ST BEER BEER NO |coast [vai 7ST 62,651.65 56,386.49",F24- VOI7.ST BEER,,62651.65,56386.49,,,
11,"KBLNGO F24- WAJIR7.5T BEER BEER NBO MOUNTAIN |WAJIR 7.51 217,464.35 105,717,92",F24- WAJIR7.5T BEER,,7.51,217464.35,,,
12,"KAL NBO F24- NAIROBI T POEER BEER NBO Namoal — [MAIROBI THT P/up $985.86 8,007.27.",F24- NAIROBI T POEER BEER,,985.86,8007.27,,,
12,"KBL NBO F24- AUALOUAU 147 KEG KEG NBO NaiROB! — aunUBURU 14T 13,538.63 32187",F24- AUALOUAU 147 KEG,,13538.63,,,,
12,"KBL NBO F24 - CHANGAMWE 14T KEG G COAST Changamwe 14T 145,235.84 103,712.26",F24 - CHANGAMWE 14T KEG,,145235.84,103712.26,,,
12,"KGL NOO F24 - DANDORA 14T KEG KEG 80 NAIROB! _|Dandora 14T 13,933.18 12,539.86",F24 - DANDORA 14T KEG,,13933.18,12539.86,,,
12,"KBL NBO F24 - DONYO 14T KEG KEG nao MOUNTAIN [Donyo 147 21,276,309 19,148.67",F24 - DONYO 14T KEG,,19148.67,,,,
12,"KBL NBO F24 - EMALI 147 KEG KEG Nao COAST EMALI 14T 34,697.19 31,227.42",F24 - EMALI 147 KEG,KBL NBO F20 - EMALI 14T KEG,34697.19,31227.42,KBL NBO F20 - EMALI 14T KEG,764.42,33932.770000000004
12,"KGL NBO F24 - EMU 14T KEG KEG [nao MOUNTAIN [EMBU 147 34,066.19 30,659.57",F24 - EMU 14T KEG,KBL NBO F20 - EMBU 14T KEG,34066.19,30659.57,KBL NBO F20 - EMBU 14T KEG,120.6,33945.590000000004
13,"KOL NBO F24 - GILGIL 14T KEG KEG ren 1aT 36,097.75 32,487.98",F24 - GILGIL 14T KEG,KBL NBO F20 - GILGIL 14T Keg,36097.75,32487.98,KBL NBO F20 - GILGIL 14T Keg,193.62,35904.13
13,"KBL NBO F24. GITHUNGURI 147 KEG KG GITHUNGUAI 147 19,186.64 17,267.98",F24. GITHUNGURI 147 KEG,KBL NBO F20 - GITHUNGURI 14T KEG,19186.64,17267.98,KBL NBO F20 - GITHUNGURI 14T KEG,937.38,18249.26
13,"KGLNGO F24. HOLA LAT KEG KEG Hols 1aT 113,399.22 103,879.40",F24. HOLA LAT KEG,,113399.22,103879.4,,,
13,"KEL NBO F24-IKUTHA 147 KEG KEG IKUTHA 147 98,994.90 53,095.41",F24-IKUTHA 147 KEG,,98994.9,53095.41,,,
13,"KOLUNDO F24-JUJA 147 KEG KEG luja iay 14,479.11 13,031.20",F24-JUJA 147 KEG,,14479.11,13031.2,,,
13,"KGL NBO F24 KABATI 141 KEG KES KABATI 147 25,416.08 22,074.47",F24 KABATI 141 KEG,,25416.08,22074.47,,,
13,"cL NOG F24-KAGIO 147 KEG KEG [Kagio 141 26,056.05 24,197.45",F24-KAGIO 147 KEG,,26056.05,24197.45,,,
13,"KELNBO F24- TALA 147 KEG KEG Kagundo 147 15,439.59 17,495.63",F24- TALA 147 KEG,,15439.59,17495.63,,,
13,"KBL NBO F24. KAHURO 14T KEG KEG |Kohuro 44T 27,858.11 75,072.94",F24. KAHURO 14T KEG,,27858.11,75072.94,,,
13,"KOL NBO F24- KAKAMEGA 147 KEG iat 93,505.82 83,257.94",F24- KAKAMEGA 147 KEG,KBL NBO F20 - KAKAMEGA 14T KEG,93505.82,83257.94,KBL NBO F20 - KAKAMEGA 14T KEG,782.4,92723.42000000001
13,"KBL NBO F24. KANGARI 147 KEG 147 23,955.38 23,559.04",F24. KANGARI 147 KEG,,23955.38,23559.04,,,
13,"KHL NBO F24 - KAPSABET 14T KEG 14T 99,654.22 89,688.40",F24 - KAPSABET 14T KEG,,99654.22,89688.4,,,
13,"KELNGO F24- KARATINA 141 KEG iat 34,204.95 aAG",F24- KARATINA 141 KEG,KBL NBO F20 - KARATINA 14T KEG,34204.95,,KBL NBO F20 - KARATINA 14T KEG,262.19,33942.759999999995
13,"KEL NGO F24- KERUGOYA 147 KEG 147 53,571.37 20,234.23",F24- KERUGOYA 147 KEG,,53571.37,20234.23,,,
13,"KBL NBO F24 - KIAMBU 14T KEG 147 14,291.71 12,862.54",F24 - KIAMBU 14T KEG,KBL NBO F20 - KINAMBA 14T KEG,14291.71,12862.54,KBL NBO F20 - KINAMBA 14T KEG,102.98,14188.73
13,"KBL NBO F24. KIANYAGA 147 KEG 147 34,625.57 33,163.01",F24. KIANYAGA 147 KEG,,34625.57,33163.01,,,
13,"KBLNBO F24- KIBWEZI 147 KEG 1ay 50,695.83 45,626.25",F24- KIBWEZI 147 KEG,,50695.83,45626.25,,,
13,"KOLNGO F24- KIKUYU 147 KEG 147 12,558.03 11,302.77",F24- KIKUYU 147 KEG,,12558.03,11302.77,,,
13,"ROL NOG F24- KILIFI 147 KEG iat 124,616.34 112,154.71",F24- KILIFI 147 KEG,,124616.34,112154.71,,,
13,"BL NGO F24- KINAMBA 14T KEG 147 60,508.92 54,458.08",F24- KINAMBA 14T KEG,KBL NBO F20 - KINAMBA 14T KEG,60508.92,54458.08,KBL NBO F20 - KINAMBA 14T KEG,102.98,60405.939999999995
13,"XBLNBO F24- KISII 147 KEG wT 147 73,963.47 66,567.12",F24- KISII 147 KEG,KBL NBO F20 - KISII 14T KEG,73963.47,66567.12,KBL NBO F20 - KISII 14T KEG,525.25,73438.22
13,"KGL NGO F24 - KISUMU 44T KEG [LAKE 147 85,269.54 16,742.56",F24 - KISUMU 44T KEG,,85269.54,16742.56,,,
13,"KUL NNO F24- KITAUE 147 KEG KEG NBO RIFT KITALE 141 92,262.83 83,036.55",F24- KITAUE 147 KEG,,92262.83,83036.55,,,
13,"KGL NGO F24. KITENGELA 147 KEG KEG Nao MOUNTAIN |Kitengela 147 21,274.12 19,056.71",F24. KITENGELA 147 KEG,,21274.12,19056.71,,,
13,"KBLNBO F24.LIMURU 147 KEG KEG Nao WaRosI _(UuMURU 1aT 15,704.85 14,184.37",F24.LIMURU 147 KEG,,15704.85,14184.37,,,
13,"KBLNBO F24- MACHAKOS 17 KEG KEG NBO COAST __|MACHAKOS 1aT 25,708.02 23,137.22",F24- MACHAKOS 17 KEG,KBL NBO F20 - MACHAKOS 14T KEG,25708.02,23137.22,KBL NBO F20 - MACHAKOS 14T KEG,591.86,25116.16
13,"KBL.NBO F24 - MARIMANTI 14T KEG KEG NGO UNT qaT 53,854.70 48,469.23",F24 - MARIMANTI 14T KEG,,53854.7,48469.23,,,
13,"KBL NGO F24. MARSABIT 147 KEG KuG MARSABIT 1aT 124,214.15 113,792.74",F24. MARSABIT 147 KEG,,124214.15,113792.74,,,
13,"KUL INDO F24- MERU 307 KEG MERU 147 56,983.45 51,285.11",F24- MERU 307 KEG,,56983.45,51285.11,,,
13,"KBLNGO F24 - MLOLONGO 147 KEG MLOLONGO 147 16,662.65 15,176.39",F24 - MLOLONGO 147 KEG,KBL NBO F20 - MLOLONGO 14T KEG,16662.65,15176.39,KBL NBO F20 - MLOLONGO 14T KEG,565.97,16096.680000000002
13,"KBL NBO F24- MURANGA 147 KEG KEG MURANG'A iat 24,556.83 72,103.13",F24- MURANGA 147 KEG,,24556.83,72103.13,,,
13,"LNA F24- MUTOMO 147 KEG KEG MUTOMO 1ay 52,503.83, 47,253.45",F24- MUTOMO 147 KEG,KBL NBO F20 - MUTOMO 14T KEG,52503.83,47253.45,KBL NBO F20 - MUTOMO 14T KEG,934.52,51569.310000000005
13,"KBLNBO F24 MWATATE LAT KEG KEG MWATATE 14T 85,626.80 77,064.12",F24 MWATATE LAT KEG,,85626.8,77064.12,,,
13,"KBLNBO F24 . MWEA 141 KEG KEG MWEA 147 27,648.40 24,083,56",F24. MWEA 141 KEG,,27648.4,,,,
13,"KBLINGO F24- MWIKIL4T KEG KEG [Movik 1aT 19,175.45 17,257.91",F24- MWIKIL4T KEG,,19175.45,17257.91,,,
13,"KEL NGO F24. MWINGI 14T KEG KeG MWINGI 1aT 36,427.58 $4,584.82",F24. MWINGI 14T KEG,KBL NBO F20 - MWINGI 14T KEG,36427.58,4584.82,KBL NBO F20 - MWINGI 14T KEG,571.01,35856.57
13,"KBLNO F24 - NAKURU 14T KEG KEG NAKUAU 147 43,740.53 39,366.48",F24 - NAKURU 14T KEG,KBL NBO F20 - NKUBU 14T KEG,43740.53,39366.48,KBL NBO F20 - NKUBU 14T KEG,782.02,42958.51
13,"KBLNBO F24- NANYUKII4Y KEG KEG NANYUKI iat 57,869.95 $2,082.90",F24- NANYUKII4Y KEG,,57869.95,2082.9,,,
13,"KBL NBO F24- NGONG 147 KEG NGONG i4t 20,046.75 10,042.08",F24- NGONG 147 KEG,KBL NBO F20 - NGONG 14T KEG,20046.75,10042.08,KBL NBO F20 - NGONG 14T KEG,815.06,19231.69
13,"KBLNGO F24- NIORO 14T KEG Njoro, ay 47,946.77 43,152.09",F24- NIORO 14T KEG,,47946.77,43152.09,,,
13,"KELNGO F24. NKUBU 14T KEG NKUBU 147 62,585.37 $6,326.03",F24. NKUBU 14T KEG,KBL NBO F20 - NKUBU 14T KEG,62585.37,6326.03,KBL NBO F20 - NKUBU 14T KEG,782.02,61803.350000000006
13,"KBL NGO F24- NAB JERICHO 147 KEG Ni JERICHO U0 aT 13,538.63 12,184.77",F24- NAB JERICHO 147 KEG,,13538.63,12184.77,,,
13,"KAL NGO F24 - NAB NASRA 147 KEG NRB NASRA EB 14t 11,646.17 55",F24 - NAB NASRA 147 KEG,,11646.17,,,,
13,"XBLNGO F24- NYAHURURU 147 KEG NYAHURUAU wat a6, 990,33 44,098.50",F24- NYAHURURU 147 KEG,KBL NBO F20 - NYAHURURU 14T KEG,44098.5,,KBL NBO F20 - NYAHURURU 14T KEG,357.48,43741.02
13,"KBLNBO F24- NVYAMBARE 141 KEG NYAMBARE ut 17,656.33 16,070.70",F24- NVYAMBARE 141 KEG,,17656.33,16070.7,,,
13,"KAL NGO F24- NYERI 147 KEG NYERI 147 49,358.77 35,238.39",F24- NYERI 147 KEG,KBL NBO F20 - NYERI 14T KEG,49358.77,35238.39,KBL NBO F20 - NYERI 14T KEG,312.01,49046.759999999995
13,"KBL NBO F24- OTHAYA 147 KEG Othaya 147 38,920.08 35,028.07",F24- OTHAYA 147 KEG,,38920.08,35028.07,,,
13,"KBLNGO F24. PIPELINE 14T KEG NAIROBI | PIPELINE 147 23,530.63 12,184.77",F24. PIPELINE 14T KEG,,23530.63,12184.77,,,
13,"KBLNSO F24. RUIRU 147 KEG 1OUN AYIRU 1aT 19,268.62 17,341.76",F24. RUIRU 147 KEG,,19268.62,17341.76,,,
13,"KBL NGO F24- SAMBUAU 14T KEG COAST _|SAMBURU 1aT 99,547.04 9,592.94",F24- SAMBUAU 14T KEG,,99547.04,9592.94,,,
13,"KBL NGO F24- THIKA 147 KEG MOUNTAIN |THIKA 147 17,495.08 15,745.57",F24- THIKA 147 KEG,KBL NBO F20 - THIKA 14T KEG,17495.08,15745.57,KBL NBO F20 - THIKA 14T KEG,211.31,17283.77
13,"KBLNNO F24- UKUNDA 147 KEG COAST _|UKUNDA iat 123,205.70 110,887.83",F24- UKUNDA 147 KEG,,123205.7,110887.83,,,
13,"KBL NBO F24 - VOI 1AT KEG 1at 51,583.91 73,425.52",F24 - VOI 1AT KEG,KBL NBO F20 - VOI 14T KEG,51583.91,73425.52,KBL NBO F20 - VOI 14T KEG,125.92,51457.990000000005
13,"KBLINBO F24. WOTE 14T KEG 147 31,660.43 26,494.39",F24. WOTE 14T KEG,,31660.43,26494.39,,,
13,"KBL NBO F24 - WUNDANYVI 14T KEG 147 90,035.72 81,086.15",F24 - WUNDANYVI 14T KEG,KBL NBO F20 - WUNDANYI 14T Keg,90035.72,81086.15,KBL NBO F20 - WUNDANYI 14T Keg,207.16,89828.56
13,"KBL NBO F24 - BOMET 307 KEG Ti 91,472.22 62,325.00 9,147.22",F24 - BOMET 307 KEG,KBL NBO F20 - BOMET 30T KEG,91472.22,62325.0,KBL NBO F20 - BOMET 30T KEG,729.92,90742.3
13,"KBL NBO F24 . BUNGOMA 30T KEG 307 159,262.92 143,336.63, 15,926.29",F24. BUNGOMA 30T KEG,KBL NBO F20 - BUNGOMA 30T KEG,159262.92,143336.63,KBL NBO F20 - BUNGOMA 30T KEG,145.13,159117.79
13,"KBLNBO F24- DURUBURU 307 KEG 307 20,148.07 18,133.26 2,014.61",F24- DURUBURU 307 KEG,,20148.07,18133.26,,,
13,"KBL NSO F24. CHANGAMWE 30T KEG 30T 103,918.95 93,727.06 10,193.90",F24. CHANGAMWE 30T KEG,,103918.95,93727.06,,,
13,"F24. CHUKA 407 KEG 30T 73,434.94 66,091.45 7,343.49",F24. CHUKA 407 KEG,,73434.94,66091.45,,,
13,"KBL NBO F24- DANOORA 30T KEG 301 17,044.56 15,340.10 1,704.46",F24- DANOORA 30T KEG,,17044.56,15340.1,,,
13,"KBLNAO F24 - DONYO 30T KEG 30r, 33,213.38 04 3,921,34",F24 - DONYO 30T KEG,,33213.38,,,,
14,"KGL NBO F24 - EMALI 430T KEG KEG NBO COAST MAUL 30T 44,499.46 40,049.51 4,449.95",F24 - EMALI 430T KEG,KBL NBO F20 - EMALI 30T KEG,44499.46,40049.51,KBL NBO F20 - EMALI 30T KEG,766.8,43732.659999999996
14,"OL NBO F24 - EMBU 30T KEG KEG NbO MOUNTAIN JEMBU Ao} A2,026,67 37,824.00 4,202.67",F24 - EMBU 30T KEG,KBL NBO F20 - EMBU 30T KEG,37824.0,4202.67,KBL NBO F20 - EMBU 30T KEG,26.67,37797.33
14,"KBL NBO F24 - GITHURAI30T KEG KtG NBO NAIROBI GITHURAL zor 20,148.07 18,393.26 2,014.81",F24 - GITHURAI30T KEG,KBL NBO F20 - GITHUNGURI 30T KEG,20148.07,18393.26,KBL NBO F20 - GITHUNGURI 30T KEG,867.1,19280.97
14,"KGL NBO F24 - KAGIO 30T KEG ‘KEG NBO MOUNTAIN [Kagio sor 46,688.00 42,019.20 4,668.50",F24 - KAGIO 30T KEG,,46688.0,42019.2,,,
14,"KBL NBO F24 - KANGEMA SOT KEG KEG NBO MOUNTAIN [Kangema 30T 44,976.17 40,478.55 4,497.62",F24 - KANGEMA SOT KEG,,44976.17,40478.55,,,
14,"SL_NBO F24 - KAPSABET 30T KEG KEG NBO RIFT Kapiabet aor 125,744.63 113,170.17 12,574.46",F24 - KAPSABET 30T KEG,,125744.63,113170.17,,,
14,"KBL NBO F24 - KARATINA 307 ki KEG Nao MOUNTAIN | KAAAT! 307) 58,504.35 $2,653.92 5,850.44",F24 - KARATINA 307 ki KEG,KBL NBO F20 - KARATINA 30T KEG,58504.35,2653.92,KBL NBO F20 - KARATINA 30T KEG,57.5,58446.85
14,"KAL NBO F24 - KERICHO 307 KEG KEG NBO RIFT KERICHO jor 104,799.17 94,519.25 10,479.92",F24 - KERICHO 307 KEG,KBL NBO F20 - KERICHO 30T KEG,104799.17,94519.25,KBL NBO F20 - KERICHO 30T KEG,978.2,103820.97
14,"KBL NBO F24 - KEMUGOYA KEG KEG Nao Mi ‘AIN | Kerugoya 30T 41,486.87 37,338.18 AA48.69 |",F24 - KEMUGOYA KEG,,41486.87,37338.18,,,
14,"KGL NO F24 - KIAMBU 30T KEG KEG Ngo NAIROBI | Kiambu 30T 39,168,097 17,251.26 1,916.81",F24 - KIAMBU 30T KEG,KBL NBO F20 - KINAMBA 30T KEG,17251.26,1916.81,KBL NBO F20 - KINAMBA 30T KEG,291.99,16959.269999999997
14,"KL NBO F24 - KIANYAGA 30T KEG KEG NBO MOUNTAIN | Kianyaga 30T 56,071.17 $0,464.05 5,607,312",F24 - KIANYAGA 30T KEG,KBL NBO F20 - KINAMBA 30T KEG,56071.17,464.05,KBL NBO F20 - KINAMBA 30T KEG,291.99,55779.18
14,"KBL NGO F24 - KIBERA JOT KEG KEG NAO NAIROBI [Kikera 307) 20,146.07 18,133.26 2,014.81",F24 - KIBERA JOT KEG,,20146.07,18133.26,,,
14,"KGL NBO F24 - KIBWEZI30T KEG Go NBO [COAST KIBWEZI Mi 80,510.65 92,929.39 3,081.07",F24 - KIBWEZI30T KEG,,80510.65,92929.39,,,
14,"KGL NBO F24 - KIKUYU 307 KEG KEG NBO peewee Kikyyw 30T 26,658.37 23,992.53 2,665.84",F24 - KIKUYU 307 KEG,,26658.37,23992.53,,,
14,"KOL NBO F24 - KINAMBA 30T KEG KEG NBO [MOUNTAIN | KINAMBA aot 96,956.15 87,258,74 9,695.42",F24 - KINAMBA 30T KEG,KBL NBO F20 - KINAMBA 30T KEG,96956.15,9695.42,KBL NBO F20 - KINAMBA 30T KEG,291.99,96664.15999999999
14,"KEL NAO F24 - KIAITIU BOT KEG KEG INTAIN | KIRITIAL 30T 4,608.9 58,148.03 6,460.89",F24 - KIAITIU BOT KEG,,58148.03,6460.89,,,
14,"KOL NBO F24 - KISH 30T KEG JeEG KISIL aot, 219,237.53 107,313.78 11,923,75",F24 - KISH 30T KEG,KBL NBO F20 - KISII 30T KEG,219237.53,107313.78,KBL NBO F20 - KISII 30T KEG,409.7,218827.83
14,"KBL NBO F24 - KISUMU 30T KEG KEG Kisumu 30T 136,340.26 123,246.23 13,694.03",F24 - KISUMU 30T KEG,,136340.26,123246.23,,,
14,"KBL NBO F24 - KITALE JOT KEG KEG KITALE 30T| 92,715.22 83,443.70 9,271.52 |",F24 - KITALE JOT KEG,KBL NBO F20 - KITALE 30T KEG,92715.22,83443.7,KBL NBO F20 - KITALE 30T KEG,449.12,92266.1
14,"KBL.NBO F24 - KITENGELA 30T KEG MOUNTAIN | Kitengela jor 28,117.98 25,306.) 2,811.80",F24 - KITENGELA 30T KEG,,28117.98,2811.8,,,
14,"KBL NBO F24 - KITHYUKO 30T KEG KEG COAST KITHYUKO 30T 58,325.43 52,492.89 5,832.54",F24 - KITHYUKO 30T KEG,KBL NBO F20 - KITHYUKO 30T KEG,58325.43,52492.89,KBL NBO F20 - KITHYUKO 30T KEG,874.92,57450.51
14,"KBL NBO F24 - LIMUAU 30T KEG kiG NAIROBI UMURU aor 23,743.62 21,369.26 2.974.36",F24 - LIMUAU 30T KEG,,23743.62,21369.26,,,
14,"KBL NBO F24 - MACHAK T KEG KEG NBO |coast MACHAKOS 30T 35,042.89 33,539.60 3,504.29",F24 - MACHAK T KEG,KBL NBO F20 - MACHAKOS 30T KEG,35042.89,33539.6,KBL NBO F20 - MACHAKOS 30T KEG,117.24,34925.65
14,"KBL NBO F24 - MARSABIT 30T KEG KiG Ngo MOUNTAIN |MARsARIT 30oT 200,376.83 80,339.15 20,037.68",F24 - MARSABIT 30T KEG,KBL NBO F20 - MARSABIT 30T KEG,200376.83,80339.15,KBL NBO F20 - MARSABIT 30T KEG,43.35,200333.47999999998
14,"KBL NBO F24 - MATHARE JOT KEG KEG NBO OUNTAIN |MATHARE 30T 20,148.07 18,133.26 2,014.81",F24 - MATHARE JOT KEG,,20148.07,18133.26,,,
14,"KAL NOO F24- MATUU 30T KEG KEG NBO COAST MATUU 40 45,618.81 41,056.95 4,562.08",F24- MATUU 30T KEG,KBL NBO F20 - MATUU 30T KEG,45618.81,41056.95,KBL NBO F20 - MATUU 30T KEG,908.99,44709.82
14,"KBLNBO F24 - MLOLONGO 30T KEG MLOLONGO 39f 21,681.46 19,5133 2,168.15",F24 - MLOLONGO 30T KEG,KBL NBO F20 - MLOLONGO 30T Keg,21681.46,2168.15,KBL NBO F20 - MLOLONGO 30T Keg,483.13,21198.329999999998
14,"KBLNBO F24 - MWATATE 307 KEG | MWATATE yo 137,243.00 124,518.70 13,724.30",F24 - MWATATE 307 KEG,,137243.0,124518.7,,,
14,"KBL NBO F24 - NAIVASHA 30T KEG NAIVASHA, 307 39,301.83 35,191.65 3,910.48",F24 - NAIVASHA 30T KEG,KBL NBO F20 - NAIVASHA 30T KEG,39301.83,35191.65,KBL NBO F20 - NAIVASHA 30T KEG,259.01,39042.82
14,"KBL NBO F24 - NAKURU 30T KEG NAKURU Bi 70,194.24 63,174.82 7,019.42",F24 - NAKURU 30T KEG,KBL NBO F20 - NKUBU 30T KEG,70194.24,63174.82,KBL NBO F20 - NKUBU 30T KEG,566.29,69627.95000000001
14,"KBL.NBO F24 . NANYUKISOT KEG MOUNTAIN |NANYUKE 30T 80,494.63 72,045,17 8,049.46",F24. NANYUKISOT KEG,,80494.63,8049.46,,,
14,"KGL NBO F274 - NAROK JOT KEG RIFT NAROK _30T 63,561.67 $7,205.50 6,356.37",F274 - NAROK JOT KEG,,63561.67,7205.5,,,
14,"KBLNBO F24 - NGARA 30T KEG NAIROBI |Ngara Soy 20,145.07 18,333.26 7,014,891",F24 - NGARA 30T KEG,,20145.07,18333.26,,,
14,"KOL NBO F24 - NIORO 30T KEG RIFT Njoro 401 77,175,90 69,458.31 2,212.59",F24 - NIORO 30T KEG,,69458.31,2212.59,,,
14,"KGL NBO F24 - NKUBU 30T KEG MOUNTAIN |NKUBU 307 87,422.96 78,600.66 8,742.30",F24 - NKUBU 30T KEG,KBL NBO F20 - NKUBU 30T KEG,87422.96,78600.66,KBL NBO F20 - NKUBU 30T KEG,566.29,86856.67000000001
14,"KBL NBO F24- Niu CITY CENT 30T KEG KEG NBO RaInOpt NRO CITY CENT CO 307) 20,148.07 18,133.26 2,014.81",F24- Niu CITY CENT 30T KEG,,20148.07,18133.26,,,
14,"KBLNBO F24 - NRB JERICHO 307 KEG NBO NAIROBI NAB JERICHO EB 301 20,145.07 16,153.26 2,014.81",F24 - NRB JERICHO 307 KEG,KBL NBO F20 - NRB JERICHO 30T Keg,20145.07,16153.26,KBL NBO F20 - NRB JERICHO 30T Keg,918.44,19226.63
14,"MBL NBO F24 - NYAMBARE 30T KEG KEG NBO MOUNTAIN |NYAMBARE aor 27,851.79 25,065.61 2,785.18",F24 - NYAMBARE 30T KEG,KBL NBO F20 - NYAMBARE 30T Keg,27851.79,25065.61,KBL NBO F20 - NYAMBARE 30T Keg,779.38,27072.41
14,"KGL NBO F24 - NYERI SOT KEG NBO NTA! Lil} 307 60,335.85 54,302.25 6,033.58",F24 - NYERI SOT KEG,,60335.85,54302.25,,,
14,"KBLINGO F24 - PIPELINE 30T KEG KEG [NBO NAIROBI | PIPELINE 307 20,148.07 18,133.26 2,014.81",F24 - PIPELINE 30T KEG,KBL NBO F20 - PIPELINE 30T Keg,20148.07,18133.26,KBL NBO F20 - PIPELINE 30T Keg,918.44,19229.63
14,"KBLNBO F24 - RUIAU 30T KEG NBO MOUNTAIN |AUIRU aor 20,143.07 16,153.26 2,014.81",F24 - RUIAU 30T KEG,KBL NBO F20 - RUIRU 30T KEG,20143.07,16153.26,KBL NBO F20 - RUIRU 30T KEG,918.44,19224.63
14,"KEL NBO F24- RUNYENIES SOT KEG KEG NBO MOUNTAIN |RUNYENIES 30T 796.26 $6,516.63 6,279.63 |",F24- RUNYENIES SOT KEG,,796.26,6516.63,,,
14,"KAL MOO F24 - URI MOYO 40T KEG KEG Nao 30T 20,148.07 18,133.26 2",F24 - URI MOYO 40T KEG,,20148.07,18133.26,,,
14,"KBL NGO F24 - TALA 307 KEG KEG NBO Jor 46,072.62 41,465.36 4,607.26|",F24 - TALA 307 KEG,,46072.62,41465.36,,,
14,"KBL NGO F24 - UKUNDA 30T KEG KEG NEO 301 142,385.00 228,146.50 14,233.50",F24 - UKUNDA 30T KEG,KBL NBO F20 - UKUNDA 30T Keg,142385.0,228146.5,KBL NBO F20 - UKUNDA 30T Keg,262.32,142122.68
14,"KBL NBO F24 - WUNDANYI SOT KEG KEG BO COAST WUNDANY! 307 144,936.43 330,442.79 14,493.64",F24 - WUNDANYI SOT KEG,,144936.43,330442.79,,,
14,"|KBL NGO F24 - BABA DOGO 7.5ST KEG Li ST 10,186.30 9,167.67",F24 - BABA DOGO 7.5ST KEG,,10186.3,9167.67,,,
14,"KBL NBO F24 - BOMET 7.5T KEG KEG NEO 757 43,715.24 39,343.72",F24 - BOMET 7.5T KEG,KBL NBO F20 - BOMET 7.5T KEG,43715.24,39343.72,KBL NBO F20 - BOMET 7.5T KEG,966.58,42748.659999999996
14,"KOL NGO F24 - WUNGOMA 7.5T KEG KEG Noo 75T 74,961.41 67,465.27",F24 - WUNGOMA 7.5T KEG,KBL NBO F20 - BUNGOMA 7.5T KEG,74961.41,67465.27,KBL NBO F20 - BUNGOMA 7.5T KEG,442.63,74518.78
14,"KBL INDO F24- CHUKA 7.5T KEG a Ngo 7ST 32,994.09 25,694.68",F24- CHUKA 7.5T KEG,,32994.09,25694.68,,,
15,"KBL NBO F24- ELOORET 7.5T KEG KEG NBO fuFT ELOORET 7.57 60,027.48 54,024.73",F24- ELOORET 7.5T KEG,KBL NBO F20 - ELDORET 7.5T KEG,7.57,60027.48,KBL NBO F20 - ELDORET 7.5T KEG,535.5,-527.93
15,"OL NBO F24- EMBU 7.57 KEG KEG NbO MOUNTAIN |EMBU 7.57 26,328.94",F24- EMBU 7.57 KEG,KBL NBO F20 - EMBU 7.5T KEG,7.57,7.57,KBL NBO F20 - EMBU 7.5T KEG,225.45,-217.88
15,"KBL NBO F24- GILGIL7.ST KEG KEG NBO MOUNTAIN [GILGIL 7ST 20,003.96 25,275.56",F24- GILGIL7.ST KEG,,20003.96,25275.56,,,
15,"KOL NBO F24 - GITHURAI7.5T KEG KEG NBO NAIROB! —_|Githural 7ST 14,505.34 13,054.78",F24 - GITHURAI7.5T KEG,KBL NBO F20 - GITHUNGURI 7.5T KEG,14505.34,13054.78,KBL NBO F20 - GITHUNGURI 7.5T KEG,587.9,13917.44
15,"KBL NBO F24- HOLA 7 5T KEG NBO |coast Hala 7st 55,889.72 77,300.75",F24- HOLA 7 5T KEG,,55889.72,77300.75,,,
15,"KOL NBO F24- IKUTMA 7.5T KEG KEG NBO MOUNTAIN |IKUTHA 157 45,418.82 40,606.94",F24- IKUTMA 7.5T KEG,,45418.82,40606.94,,,
15,"KL NBO F24 - JUJA 7.5T KEG KES. NBO MOUNTAIN [Juja 7.57 10,573.80 9,516.42",F24 - JUJA 7.5T KEG,,7.57,10573.8,,,
15,"KGL NBO F24- KAGATI 7.5T KEG KEG NBO MOUNTAIN |KABATI 1st 15,777.51 14,199.76",F24- KAGATI 7.5T KEG,KBL NBO F20 - KABATI 7.5T KEG,15777.51,14199.76,KBL NBO F20 - KABATI 7.5T KEG,458.69,15318.82
15,"XBL NBO F24 - KAGIO 7.5T KEG KEG Ni MOUNTAIN | Kaglo 7.51 22,918.87 29,626.98",F24 - KAGIO 7.5T KEG,,7.51,22918.87,,,
15,"KBL NBO F24- KAHURO 7.51 KEG KEG NBO MOUNTAIN |Kahuie rsT 21,764,12 19,587.71",F24- KAHURO 7.51 KEG,,7.51,19587.71,,,
15,"KAt NAO F24- PST REG KEG NBO MOUNTAIN | Kangama rst 22,819.94 20,537.95",F24- PST REG KEG,,22819.94,20537.95,,,
15,"KA NBO F24 - KAPSADET 7.5T KEG KEG [NSO ANT Kapsabet 7.51 59,730.57 53,757.51",F24 - KAPSADET 7.5T KEG,,7.51,59730.57,,,
15,"KBL NBO F24. KARATINA 7.57 KEG KUG NBO MOUNTAIN |KARATINA 781 26,688.93 24,020.04",F24. KARATINA 7.57 KEG,KBL NBO F20 - KARATINA 7.5T KEG,7.57,26688.93,KBL NBO F20 - KARATINA 7.5T KEG,592.78,-585.2099999999999
15,"NAO F24- KAWANGWARE 7.5T KEG KEG NBO NAIRO Wy, 7.5T 11,166.30 10,049.67",F24- KAWANGWARE 7.5T KEG,KBL NBO F20 - KAWANGWARE 7.5T Keg,11166.3,10049.67,KBL NBO F20 - KAWANGWARE 7.5T Keg,753.36,10412.939999999999
15,"KBL NBO F24- KERUGOYA 7.57 KEG [kes NBO MOUNTAIN |Kerugeya 781 25,765.00 23,186.50",F24- KERUGOYA 7.57 KEG,,7.57,25765.0,,,
15,"KEL NBO F24 - KIBWEZI7.5T KEG KEG N6O COAST KIBWEZI 751 38,755.14 34,879.63",F24 - KIBWEZI7.5T KEG,KBL NBO F20 - KIBWEZI 7.5T Keg,38755.14,34879.63,KBL NBO F20 - KIBWEZI 7.5T Keg,905.25,37849.89
15,"KBL NBO F24 . KIKUYU 7.57 KEG KEG NBO MOUNTAIN |Kikw 7.87 10,186.30 9,167.67",F24. KIKUYU 7.57 KEG,,7.57,7.87,,,
15,"KBL NBO F24- KHMUTINN ST KEG MOUNTAIN [KIRITIRE 7.51 30,979.05 27,881.15",F24- KHMUTINN ST KEG,,7.51,30979.05,,,
15,"/KOL NGO F24- KISHI 7.5T KEG AUET kisi 757 $6,396.98 $0,757.22",F24- KISHI 7.5T KEG,KBL NBO F20 - KISII 7.5T KEG,6396.98,757.22,KBL NBO F20 - KISII 7.5T KEG,907.05,5489.929999999999
15,"KBL NBO F24- KISUMU 7.5T KEG 7.51 $3,013.1) 358,513.61",F24- KISUMU 7.5T KEG,,7.51,358513.61,,,
15,"KGL NOO F24 - KITENGELA 7.57 KEG 2ST 14,286.39 10,357.75",F24 - KITENGELA 7.57 KEG,,7.57,14286.39,,,
15,"KBL NBO F24- MACHAKOS 7.51 KEG 781 17,327.55 15,554.80",F24- MACHAKOS 7.51 KEG,KBL NBO F20 - MACHAKOS 7.5T KEG,7.51,17327.55,KBL NBO F20 - MACHAKOS 7.5T KEG,40.35,-32.84
15,"KGLNBO F24- MATUU 7.57 KEG 75T 22,546.86 20,292.17",F24- MATUU 7.57 KEG,KBL NBO F20 - MATUU 7.5T KEG,7.57,22546.86,KBL NBO F20 - MATUU 7.5T KEG,366.18,-358.61
15,"KBL NBO F24- MAUA 7.ST KEG 7ST 49,453 44,507.88",F24- MAUA 7.ST KEG,KBL NBO F20 - MAUA 7.5T KEG,44507.88,,KBL NBO F20 - MAUA 7.5T KEG,293.25,44214.63
15,"KBL NBO F24- MWEA 7.57 KEG KEG NEO MOUNTAIN |MWEA 1st 24,009,12 19,448.21",F24- MWEA 7.57 KEG,,7.57,19448.21,,,
15,"KIL NBO F24 - MWIKI7 STKEG KEG NBO Nanos — | Mwild 751 14,342.83 12,908.55",F24 - MWIKI7 STKEG,,14342.83,12908.55,,,
15,"KIL NAO F24 - NAXURU 7.5T KEG KEG Ngo at NAKURU 7ST 33,459.10 30,133,19",F24 - NAXURU 7.5T KEG,KBL NBO F20 - NYAHURURU 7.5T KEG,33459.1,,KBL NBO F20 - NYAHURURU 7.5T KEG,455.29,33003.81
15,"KBL NBO F24 - NGONG 7.51 KEG KEG NBO [NAIROBI _|NGONG 2517 12,021,395 11,538.22",F24 - NGONG 7.51 KEG,KBL NBO F20 - NGONG 7.5T KEG,7.51,11538.22,KBL NBO F20 - NGONG 7.5T KEG,442.2,-434.69
15,"KIL NBO F24 - NIDRO 75ST KEG [aur Njoro 7ST 36,559.17 32,903.28",F24 - NIDRO 75ST KEG,,36559.17,32903.28,,,
15,"KAL NBO F24 - NAG CITY CENT 7.57 KEG NAIROBI! [NAB CITY CENT EB 257 10,186.30 5,167.67",F24 - NAG CITY CENT 7.57 KEG,,7.57,10186.3,,,
15,"KBL NBO F24 - NAB JERICHO 7.57 KEG NAIROBI _|NRB JERICHO EB 757 11,166.30 10,049.67",F24 - NAB JERICHO 7.57 KEG,KBL NBO F20 - NRB JERICHO 7.5T Keg,7.57,11166.3,KBL NBO F20 - NRB JERICHO 7.5T Keg,753.36,-745.79
15,"KEL NBO F24- NYERU7.ST KEG MOUNTAIN |NYER! 751 29,640.09 26,676.08",F24- NYERU7.ST KEG,,29640.09,26676.08,,,
15,"KBL NBO F24 - OTHAYA 7.5T KEG t a 7.5 26,998.93 74,299.04",F24 - OTHAYA 7.5T KEG,,26998.93,74299.04,,,
15,"KBLNBO F24 - RUIRU 7.5T KEG MOUNTAIN [RUIAU 25T 10,186.30 9,167.67",F24 - RUIRU 7.5T KEG,KBL NBO F20 - RUIRU 7.5T KEG,10186.3,9167.67,KBL NBO F20 - RUIRU 7.5T KEG,753.36,9432.939999999999
15,"KBL NBOF24- SHAUMI MOYO 7.5T KEG 78T 14,238.18 12,814.36",F24- SHAUMI MOYO 7.5T KEG,,14238.18,12814.36,,,
15,"KBL.N@O F24 - TALA7.5T KEG SOAST TALA EB 7.57 22,748.37 7",F24 - TALA7.5T KEG,,7.57,22748.37,,,
15,"KBL NGO F24 - TAVETA7.ST KEG COAST TAVETA 7.51 63,412.01 57,070.81",F24 - TAVETA7.ST KEG,KBL NBO F20 - TAVETA 7.5T KEG,7.51,63412.01,KBL NBO F20 - TAVETA 7.5T KEG,139.48,-131.97
15,"KOL NOD F24 - THIKA 7.5T KEG MOURYAIN |THIKA 2.57 12,077.33 10,869.60",F24 - THIKA 7.5T KEG,KBL NBO F20 - THIKA 7.5T KEG,2.57,12077.33,KBL NBO F20 - THIKA 7.5T KEG,682.99,-680.42
15,"KBLNBO F24 - UTHIAU 7.5T KEG NAIROBI! —_|Uthirw 7.5T 12,345.63 43,112.07",F24 - UTHIAU 7.5T KEG,KBL NBO F20 - THIKA 7.5T KEG,12345.63,43112.07,KBL NBO F20 - THIKA 7.5T KEG,682.99,11662.64
15,"KGL NGO F24 - KISUMU DEPOT JOT BEER PRIMARY _|NBO NAIROBI [KISUMU DEPOT sor 107,198.03 96,478.23 10,719.80",F24 - KISUMU DEPOT JOT BEER,KBL NBO F20 - KISUMU DEPOT 30T BEER,107198.03,96478.23,KBL NBO F20 - KISUMU DEPOT 30T BEER,744.93,106453.1
15,"KAt NBG F24 - BUNGOMA 14 SPIRIT SPIRITS NgO LAKE BUNGOMA ut 100,241.42 90,217.28",F24 - BUNGOMA 14 SPIRIT SPIRITS,KBL NBO F20 - BUNGOMA 14T SPIRIT,100241.42,90217.28,KBL NBO F20 - BUNGOMA 14T SPIRIT,646.35,99595.06999999999
16,"KGL NBO F24- EMBU 147 SPIRIT SPIRITS ~—s|NBO Mau 147 33,293.20 29,963.88",F24- EMBU 147 SPIRIT SPIRITS,,33293.2,29963.88,,,
16,"KOL NBO F24 - KAKAMEGA 14T SPIRIT SPIRITS NEO Thi 93,721.76 64,349.56",F24 - KAKAMEGA 14T SPIRIT SPIRITS,,93721.76,64349.56,,,
16,"KALNKOF24-KSPIITM ERALATSPIRITS NEO. 44T 12,765.64 11,489.08",F24-KSPIITM ERALATSPIRITS,,12765.64,11489.08,,,
16,"KGL NBO F24 - KITENGELA 147 SPIRIT SPIRITS NBO NAIROBI |KITENGELA 147 37,735.96 33,962.36",F24 - KITENGELA 147 SPIRIT SPIRITS,KBL NBO F20 - KITENGELA 14T SPIRIT,37735.96,33962.36,KBL NBO F20 - KITENGELA 14T SPIRIT,865.26,36870.7
16,"KBL NBO F24 - LAMU LAT SPIRIT SPIRITS NBO COAST LAMU 1at 113,747.85 102,373.07",F24 - LAMU LAT SPIRIT SPIRITS,,113747.85,102373.07,,,
16,"KBL NBO F24 - LODWAA 147 Spiltt SPIRITS NBO MOUNTAIN |LOOWAR 14T 150,801.05 135,720.95",F24 - LODWAA 147 Spiltt SPIRITS,,150801.05,135720.95,,,
16,"KOL NBO F24- LONOKTOK 147 SPIRIT SPIRITS NBO MOUNTAIN [LOITOKTOK 14T 49,035.02 43,213.52",F24- LONOKTOK 147 SPIRIT SPIRITS,,49035.02,43213.52,,,
16,"0 F24- MA PI SPIRITS NBO NAIROBI [MAB 147) 11,003.64 3,901.48",F24- MA PI SPIRITS,,11003.64,3901.48,,,
16,"KBL NBO F24 - MACHAKOS 147 SPIRIT SPIRITS NBO COAST CHAKOS pei 21,415.77 19,274.19",F24 - MACHAKOS 147 SPIRIT SPIRITS,KBL NBO F20 - MACHAKOS 14T SPIRIT,21415.77,19274.19,KBL NBO F20 - MACHAKOS 14T SPIRIT,212.01,21203.760000000002
16,"KBL NBO F24 . MAKONGENI 147 SPIRIT SPIRITS NBO MOUNTAIN |MAKONGENI 147: 16,446.10 14,801.49",F24. MAKONGENI 147 SPIRIT SPIRITS,,16446.1,14801.49,,,
16,"KL NRO F24- MARIAKAN14I1 SPIT SPIRITS NBO COAST _| MARIAKANI 14T 106,719.39 96,047.45",F24- MARIAKAN14I1 SPIT SPIRITS,,106719.39,96047.45,,,
16,"KL NBO F24- MARSADIT 147 SPIRIT SPIRITS NBO MOUNTAIN |MARSABIT Thi 125,567.14 113,010.43",F24- MARSADIT 147 SPIRIT SPIRITS,,125567.14,113010.43,,,
16,"KBL NBO F24 - MAUA 147 SPIRIT SPIRITS NBO MOUNTAIN [MAUA at 66,045.28 59,440.75",F24 - MAUA 147 SPIRIT SPIRITS,,66045.28,59440.75,,,
16,"KBL NBO F24- MEMORIAL i4T SPIRIT SPIRITS NBO RIFT MEMORIAL 147 11,491.64 10,342.48",F24- MEMORIAL i4T SPIRIT SPIRITS,,11491.64,10342.48,,,
16,"KGL NBO F24- MERU 147 SPIRIT SPIRITS NBO MOUNTAIN [MERU 447 5 49,408.86",F24- MERU 147 SPIRIT SPIRITS,,49408.86,,,,
16,"KBL NBO F24- MOMBASA 147 SPIRIT SPIRITS NBO COAST [MOMBASA at 117,617.82 105,855.77",F24- MOMBASA 147 SPIRIT SPIRITS,,117617.82,105855.77,,,
16,"KBL NBO F24- MURANGA 147 SPIRIT SPIRITS NBO MOUNTAIN |MURANGA 147’ 23,783.02 21,405.44",F24- MURANGA 147 SPIRIT SPIRITS,,23783.02,21405.44,,,
16,"KGL NBO F24- MWEA 141 Spin SPIRITS NBO MOUNTAIN |MWEA hi 25,875.40 24,107.86.",F24- MWEA 141 Spin SPIRITS,,25875.4,24107.86,,,
16,"KBL NBO F24 - MWIKI 147 SPIRIT SPIRITS NBO NAIROBI | 147 11,393.64 10,254.28",F24 - MWIKI 147 SPIRIT SPIRITS,,11393.64,10254.28,,,
16,"KBL NBO F24 - NAIROBI THT 14 SPIRIT SPIRITS Nao NAIROM [NAOT THT iat 9,686.17 _8,747.55",F24 - NAIROBI THT 14 SPIRIT SPIRITS,,9686.17,8747.55,,,
16,"KBL NBO F24 - NAKURU 147 SPIRIT SPIRITS NBO RIFT NAKURU 14T 47,967.54 38,670.79",F24 - NAKURU 147 SPIRIT SPIRITS,KBL NBO F20 - NAKURU 14T SPIRIT,47967.54,38670.79,KBL NBO F20 - NAKURU 14T SPIRIT,203.61,47763.93
16,"KGL NDO F24-NAROK 447 SPIRIT SPIRITS NBO RIFT Narok 147! 971.62 35,074.46",F24-NAROK 447 SPIRIT SPIRITS,,971.62,35074.46,,,
16,"KBL NBO F24 - NGARA 14T SPIRIT SPIRITS N NAIROG| 1aT 11,393.64 10,254.28",F24 - NGARA 14T SPIRIT SPIRITS,KBL NBO F20 - NGARA 14T SPIRIT,11393.64,10254.28,KBL NBO F20 - NGARA 14T SPIRIT,385.35,11008.289999999999
16,"Kil, NOG F24 - NGONG 147 SPT SPIRITS NO NAIROB! |Ngon 147) 17,584.00 15,025.60",F24 - NGONG 147 SPT SPIRITS,,17584.0,15025.6,,,
17,"|KAL NGO F24- NKUBU 147 SPIRIT SPIRITS [une MOUNTAIN |NKUDU 1ar 51,744.08 46,569.67",F24- NKUBU 147 SPIRIT SPIRITS,,51744.08,46569.67,,,
17,"KBL NBO F24- INDUSTRIAL AREA 147 SPiuT SPIRITS NBO NAIROBI! | NAG INDUST AREA 347 12,765.64 11,489.08",F24- INDUSTRIAL AREA 147 SPiuT SPIRITS,,12765.64,11489.08,,,
17,"KGL NBO F24. NYAHURURU 247 SPIRIT SPIRITS Nba RET NYAHURURU 14T 48,225.34 43,40821",F24. NYAHURURU 247 SPIRIT SPIRITS,,48225.34,,,,
17,"KBL N&O F24- AONGAI14T SPIRIT SPIRITS [NBO NAIROBI! — [RONGAI 1st 12,627.32 14,364.59",F24- AONGAI14T SPIRIT SPIRITS,,12627.32,14364.59,,,
17,"KOL NHO F24- THIKA 147 SPIRIT SPIRITS | NBO MOUNTAIN |THIKA 14} 15,331.45 13,798.31",F24- THIKA 147 SPIRIT SPIRITS,,15331.45,13798.31,,,
17,"LNG F24- UTHIRU 147 SPIRIT SPIRITS NBO NAIRMOM JUTHIAU 14T 12,765.64 11,489.08",F24- UTHIRU 147 SPIRIT SPIRITS,,12765.64,11489.08,,,
17,"KBL NBO F24- WAJIR 247 SPIRIT SPIRITS NBO MOUNTAIN |WAJIR at 156,334.20 140,700.78",F24- WAJIR 247 SPIRIT SPIRITS,,156334.2,140700.78,,,
17,"kOL NBO F24- ATHIAIVER JOT SPIRIT SPIRITS NBO NAIROBI [ATHIAIVER 307! 19,865.52 17,878.97 1,986.35",F24- ATHIAIVER JOT SPIRIT SPIRITS,,19865.52,17878.97,,,
17,"KOL NBO F24- BUNGOMA 307 SPinuT SPIRITS NBO LAKE uncon sor 161,595.04 145,435.54 16,159.50",F24- BUNGOMA 307 SPinuT SPIRITS,,161595.04,145435.54,,,
17,"QL NBO F24 - QURUBUAU 30T SPIRIT SPIRITS NBO NAIRO URU 307! 16,856.80 45,173.12 1,685.60",F24 - QURUBUAU 30T SPIRIT SPIRITS,,16856.8,45173.12,,,
17,"KDL NBO F24- DANDORA JOT sPIAIT SPIRITS NEO NAIROBI Gandara aor! 16,856.60 15,173.12 1,685.68",F24- DANDORA JOT sPIAIT SPIRITS,,16856.6,15173.12,,,
17,"KBL NBO F24- DONYO 30T SPIRIT SPIRITS no MOUNTAIN |DONYO 307! 33,226.95 29,904,26 3,322.70",F24- DONYO 30T SPIRIT SPIRITS,,33226.95,3322.7,,,
17,"KBL NBO F24- GIKOMBA 30T SPIRIT SPIRITS NBO NAIROBI = [GiKOMBA jor 16,856,680 15,171.32 1,685.68",F24- GIKOMBA 30T SPIRIT SPIRITS,,15171.32,1685.68,,,
17,"KBL NBO F24- ITEN 30T SPIRIT SPIRITS NBO RIFT ITEN aor 135,096.16 121,586.54 13,509.62",F24- ITEN 30T SPIRIT SPIRITS,,135096.16,121586.54,,,
17,"KIL NBO F24-JUJA JOT SPIRIT SPIRITS Wao MOUNTAIN [tu 307 17,836.60 46,053.12 1,783.68",F24-JUJA JOT SPIRIT SPIRITS,,17836.6,46053.12,,,
17,"BL N&O F24- KABATI SOT SPIRIT SPIRITS NEO MOUNTAIN |KABATI zor 29,736.12 26,762.51 2,973.63",F24- KABATI SOT SPIRIT SPIRITS,,29736.12,26762.51,,,
17,"KBL NBO F24- KAGIO 30T SPIRIT SPIRITS Noo MOUNTAIN | KAGIO 307 44,640.65 40,176.59 4,464.07",F24- KAGIO 30T SPIRIT SPIRITS,,44640.65,40176.59,,,
17,"KBL NBO F24. KAHAWA 30T SPIRIT SPIRITS Noo NAIROBI _|KAHAWA 30T 14,308.80 12,877.92 1,430.88",F24. KAHAWA 30T SPIRIT SPIRITS,,14308.8,12877.92,,,
17,"KIL NBO F24 - KAPSABET 307 SPIRIT SPIRITS NEO RIFE Kaprabet 307 127,501.41 114,753.27 12,730,14",F24 - KAPSABET 307 SPIRIT SPIRITS,,127501.41,114753.27,,,
17,"KL NOO F24 - KAREN SOF sPiart SPIRITS NEO NAIROBI | KAREN jor 14,308.89 12,877.92 1,430.48",F24 - KAREN SOF sPiart SPIRITS,,14308.89,12877.92,,,
17,"KBL NBO F24 - KAWANGWARE 307 SPIRIT SPIRITS NBO NAIROM _|KAWANGWARE 307 16,856.80 15,172.12 1,685.63",F24 - KAWANGWARE 307 SPIRIT SPIRITS,,16856.8,15172.12,,,
17,"KBL NBO F24. KERICHO 307 SPIRIT SPIRITS NEO RIFT KERICHO 30T 105,610.69 35,009.62 10,561.07",F24. KERICHO 307 SPIRIT SPIRITS,,105610.69,35009.62,,,
17,"KDL NGO F24 - KERUGOYA 307 SPIRIT SPIRITS NBO 30T $1,622.32 46,480.09 5,162.23",F24 - KERUGOYA 307 SPIRIT SPIRITS,KBL NBO F20 - KERUGOYA 30T SPIRIT,1622.32,46480.09,KBL NBO F20 - KERUGOYA 30T SPIRIT,35.02,1587.3
17,"KBL NBO F24 - KIANYAGA SOT SPIRIT SPIRITS NEO 307] 47,394.75 42,655.28 4,759.48",F24 - KIANYAGA SOT SPIRIT SPIRITS,,47394.75,42655.28,,,
17,"KOL NOG F24 - KINAMBA 30f SPIA SPIRITS Ngo 307 95,138.21 85,624.39 9,533.82",F24 - KINAMBA 30f SPIA SPIRITS,,95138.21,85624.39,,,
17,"KBL NBO F24- KIS 30T SPIRIT SPIRITS NBO 307 119,753.56 107,778.20 11,975.36",F24- KIS 30T SPIRIT SPIRITS,,119753.56,107778.2,,,
17,"KBL NBO F24 - KITENGELA SOY SPiny SPIRITS NBO a0T 20,042.95 18,756.66",F24 - KITENGELA SOY SPiny SPIRITS,,20042.95,18756.66,,,
17,"KAL NAG F24 - KITHYUKO 407 SPIRIT SPIRITS NBO 30T 56,509.48 50,858.55",F24 - KITHYUKO 407 SPIRIT SPIRITS,,56509.48,50858.55,,,
17,"K@L NBO F24 - LANGATA 307 SPIRIT SPIRITS, NBO 30T 14,696.00 13,407.12 1,489.68",F24 - LANGATA 307 SPIRIT SPIRITS,,14696.0,13407.12,,,
17,"KOL NNO F24 - LOITOXTOX SOT SPIRIT SPIRITS NBO sor 73,116,72 65,805.05 7,311.67",F24 - LOITOXTOX SOT SPIRIT SPIRITS,,65805.05,7311.67,,,
17,"KBL NBO F24 - LOKICHOGIO 30T SPIRIT SPIRITS Noo 30T 311,768.69 280,593.82 31,176.87",F24 - LOKICHOGIO 30T SPIRIT SPIRITS,KBL NBO F20 - LOKICHOGIO 30T SPIRIT,311768.69,280593.82,KBL NBO F20 - LOKICHOGIO 30T SPIRIT,784.64,310984.05
17,"KBL NBO F24 - MACHAKOS 307 SPIRIT SPIRITS NBO 307 33,226.95 29,904.26 3,",F24 - MACHAKOS 307 SPIRIT SPIRITS,KBL NBO F20 - MACHAKOS 30T SPIRIT,33226.95,29904.26,KBL NBO F20 - MACHAKOS 30T SPIRIT,264.23,32962.719999999994
17,"KL NOO F24- MALINDI SOT spinir SPIRITS NBO 307 217,701.98 195,931.60 21,770.18|",F24- MALINDI SOT spinir SPIRITS,,217701.98,195931.6,,,
18,"LINGO F24 - TAVETA 307 SPIRIT SPIRITS NBO COAST. TAVETA 30T 132,167.59 118,550.83 13,216.76",F24 - TAVETA 307 SPIRIT SPIRITS,KBL NBO F20 - TAVETA 30T SPIRIT,132167.59,118550.83,KBL NBO F20 - TAVETA 30T SPIRIT,224.07,131943.52
18,"KBLNBO F24 . THIXA 30T SPIRIT SPIRITS NBO MOUNTAIN | THIKA 301 21,610.93 19,449.34 2,161.09",F24. THIXA 30T SPIRIT SPIRITS,,21610.93,19449.34,,,
18,"KBL NBO F24 - UTHIRU 30T SPIRIT SPIRITS NBO NAIROB! |UTHIRU 30T 26,856.40 BS,A7LAZ 1,685,068",F24 - UTHIRU 30T SPIRIT SPIRITS,,26856.4,,,,
18,"KBL.NBO F240 - WANR JOT SPIRIT SPIRITS NBO MOUNTAIN |WAJIR 30T 249,322.93 224,390.64 24,932.29",F240 - WANR JOT SPIRIT SPIRITS,,249322.93,224390.64,,,
18,"KBL NBO F24 - CHANGAMWE 7 5ST SPIRIT SPIRITS. [NBO Jcoast Changemwe 7.5T 66,284.39 77,835.95",F24 - CHANGAMWE 7 5ST SPIRIT SPIRITS,,66284.39,77835.95,,,
18,"KBL NBO F24 - DANDORA 7.5T SPIRIT SPIRITS NBO NAIROBI Dandora 7.81 11,419.24 20,277.32",F24 - DANDORA 7.5T SPIRIT SPIRITS,,7.81,11419.24,,,
18,"KBL NBO F24 - DONYO 7.ST SPIRIT SPIRITS NDO MOUNTAIN | DONYO 751 16,856.57 15,180.16",F24 - DONYO 7.ST SPIRIT SPIRITS,,16856.57,15180.16,,,
18,"KBL NBO F24 - EMALI 7.57 SPIRIT SPIRITS NBO COAST EMALI 2.57 26,059.28 23,435.95",F24 - EMALI 7.57 SPIRIT SPIRITS,KBL NBO F20 - EMALI 7.5T SPIRIT,7.57,2.57,KBL NBO F20 - EMALI 7.5T SPIRIT,929.88,-922.31
18,"OL NOG F24- EMBAKASI 7.51 SPIT SPIRITS. NRO NAIROB) EMBAKASI 2.57 9,235.62 6,312.06",F24- EMBAKASI 7.51 SPIT SPIRITS,,7.51,2.57,,,
18,"KBL NGO F24- EMBU 7.57 SPIRIT SPIRITS NBO MOUNTAIN | EMBU 7.57 25,574.26 23,016.83",F24- EMBU 7.57 SPIRIT SPIRITS,,7.57,7.57,,,
18,"KBL NBO F24 - GIKOMBA 7.57 SPIRIT SPIRITS NBO NAIROBI |GIKOMAA 751 9,285.62 33",F24 - GIKOMBA 7.57 SPIRIT SPIRITS,,7.57,9285.62,,,
18,"KBL NBO F24 . GILGIL 7.57 SPIRIT SPIRITS njO RIFT GILGIL 757 26,349.28 23,714.35",F24. GILGIL 7.57 SPIRIT SPIRITS,,7.57,26349.28,,,
18,"KBL NBO F24 - HURUMA 7.57 SPIRIT SPIRITS NBO NAIROBI |HURUMA 7.51 10,411.62 9,370.46",F24 - HURUMA 7.57 SPIRIT SPIRITS,,7.57,7.51,,,
18,"KBL NBO F24 - ISIOLO 7ST SPIRIT SPIRITS NBO MOUNTAIN |ISIOLO 75 50,999.31 45,699.48",F24 - ISIOLO 7ST SPIRIT SPIRITS,,50999.31,45699.48,,,
18,"KBL NBO F24 - KAHAWA7.ST SPIRIT SPIRITS NBO NAIROBI KAHAWA 75 9,235.62 5,312.06",F24 - KAHAWA7.ST SPIRIT SPIRITS,,9235.62,5312.06,,,
18,"KBL NBO F24 - KAKAMEGA 7.57 SPIRIT SPIRITS NBO LAKE Kokamega 2.5 93,566.56 4.",F24 - KAKAMEGA 7.57 SPIRIT SPIRITS,,7.57,93566.56,,,
18,"KAL NAO F274 - ABET 7 5T SPIRIT SPIRITS NBO RIFT Kapsabet 7.57 59,868.11 53,681.30",F274 - ABET 7 5T SPIRIT SPIRITS,,7.57,59868.11,,,
18,"KBL NBO F246 - KAWANGWARE 7.57 SPIRIT SPIRITS NBO NAIROB) | KAWANGWARE 7ST 9,235.62 6,312.06|",F246 - KAWANGWARE 7.57 SPIRIT SPIRITS,,7.57,9235.62,,,
18,"KGL NBO F24 - KERICHO 7.5T SPIRIT SPIRITS NAO niet KERICHO 7,51 49,160,70 . 44,244.63",F24 - KERICHO 7.5T SPIRIT SPIRITS,KBL NBO F20 - KERICHO 7.5T SPIRIT,44244.63,,KBL NBO F20 - KERICHO 7.5T SPIRIT,523.17,43721.46
19,"KOL NBO F24 - KIBERA 7.57 SPIRIT SPIRITS NBO 751 10,411.62 9,370.46",F24 - KIBERA 7.57 SPIRIT SPIRITS,,7.57,10411.62,,,
19,"K@L NBO F24- KiSUMU AYOTI7.ST SPIRIT SPIRITS NBO 7.57 65,351.88 $8,843.69",F24- KiSUMU AYOTI7.ST SPIRIT SPIRITS,,7.57,65351.88,,,
19,"KGL NBO F24- KITALE 7.57 SPIRIT SPIRITS NEO 7ST 74,502.01 4",F24- KITALE 7.57 SPIRIT SPIRITS,,7.57,74502.01,,,
19,"BL NBO F24 - MAB 7.ST SPIRIT SPIRITS rs: NAIKOM [MAD 73% 9,235.62 8,312.06",F24 - MAB 7.ST SPIRIT SPIRITS,,9235.62,8312.06,,,
19,"KBL NBG F24- MUTOMO 7.57 SPIRIT SPIRITS Nao 25ST 39,877.48 35,889.73",F24- MUTOMO 7.57 SPIRIT SPIRITS,,7.57,39877.48,,,
19,"KBL NBO F24 - NAKURU 7.57 SPIRIT SPIRITS NBO 257 52,704.42 zaaaa.on |",F24 - NAKURU 7.57 SPIRIT SPIRITS,KBL NBO F20 - NAKURU 7.5T SPIRIT,7.57,52704.42,KBL NBO F20 - NAKURU 7.5T SPIRIT,731.04,-723.4699999999999
19,"KBL NBO F24 - THIKA 7.57 SPIRIT SPIRITS [NBO MOUNTAIN | THIKA 7.57] 12,302.65 11,072.39",F24 - THIKA 7.57 SPIRIT SPIRITS,KBL NBO F20 - THIKA 7.5T SPIRIT,7.57,7.57,KBL NBO F20 - THIKA 7.5T SPIRIT,912.91,-905.3399999999999
21,"F24-KSM-ATHIA-I BVEEERR - 147 BEER iM NAIROg! TATHIRIVER lat 80,255.53 72,229.38",F24-KSM-ATHIA-I BVEEERR - 147 BEER,,80255.53,72229.38,,,
21,"F24-KSM-BOMET- BEER. 147 a ‘SM. RIFT SOMET 1aT 31,473.83 28,326.4",F24-KSM-BOMET- BEER,,31473.83,,,,
21,"KOUKSM F24- BURUGURU 147 BEER URUBURU 147 77,224.30 65,501.87",F24- BURUGURU 147 BEER,,77224.3,65501.87,,,
21,"KNLKSM F20- DUSIA 147 BEER HUSIA lat 33,690.95 28,521.86",F20- DUSIA 147 BEER,KBL NBO F20 - BUSIA 14T BEER,33690.95,28521.86,KBL NBO F20 - BUSIA 14T BEER,349.58,33341.369999999995
21,"KGL KSM F24. ELOORET 147 BEER ELDORET iat 34,004, 38 30,603.94",F24. ELOORET 147 BEER,,30603.94,,,,
21,"F24-KSM -EMALI- BEER- 14T «MAL 1a 99,157.61 83,241.85",F24-KSM -EMALI- BEER,,99157.61,83241.85,,,
21,"F24-KSM-GAT-U NBEDEUR 147 BEER ks MOUNTAIN |GATUNDU ut 74,316.53 65,884.80",F24-KSM-GAT-U NBEDEUR 147 BEER,,74316.53,65884.8,,,
21,"KBL KSM F24- KISII 147 BEER KS RIFT xsi 147 33,031.40 7,920.26",F24- KISII 147 BEER,KBL NBO F20 - KISII 14T BEER,33031.4,7920.26,KBL NBO F20 - KISII 14T BEER,462.18,32569.22
21,"KOLKSM F24- KISUMU 347 BEER BEER KSM LAKE KISUMU 347 10,764.17 9,687.75",F24- KISUMU 347 BEER,,10764.17,9687.75,,,
21,"XBL KSM F24- KISUMU AYOTI 147 BEER BEER KS KISUMU AYOTI iat 11,744.17 10,569.75",F24- KISUMU AYOTI 147 BEER,KBL NBO F20 - KISUMU AYOTI 14T BEER,11744.17,10569.75,KBL NBO F20 - KISUMU AYOTI 14T BEER,993.59,10750.58
21,"F24-KSM-LIMURU-BEER- 147 BEER KSM UMURU i4T 64,192.45 $7,773.24",F24-KSM-LIMURU-BEER,,64192.45,7773.24,,,
21,"F24 -KSM -LOKICHOGIO - BEER- 14T BEER KSM LOKICHOGID iat 141,386.20 127,067.58",F24 -KSM -LOKICHOGIO - BEER,KBL NBO F20 - LOKICHOGIO 30T BEER,141386.2,127067.58,KBL NBO F20 - LOKICHOGIO 30T BEER,180.6,141205.6
21,"F24 -KSM -MACHAKOS - GEER- 141 BEER KSM MACHAKOS 147 a, 700,24 78,835.62",F24 -KSM -MACHAKOS - GEER- 141 BEER,,78835.62,,,,
21,"F24-KSM -NAIROGITHT - OEEN- 141 BEER SM. NAIROBI |NAIROBI THT 447 74,192.82 65,719.54",F24-KSM -NAIROGITHT - OEEN- 141 BEER,,74192.82,65719.54,,,
21,"F24 0KSM-NANYUKI. BEER» 147 MOUNTAIN |NANYUKI 14T 81,908.93 73,738.04",F24 0KSM-NANYUKI. BEER,,81908.93,73738.04,,,
21,"F24 -KSM-NAROK - BEER - LAT NAROK 14T 47,107.36 42,396.62",F24 -KSM-NAROK - BEER,,47107.36,42396.62,,,
21,"F24 .KSM-NGONG. BEER. 147 NGONG 147 74,316.53| 08,000.00",F24.KSM-NGONG. BEER,,74316.53,8000.0,,,
21,"F24 -KSM -RUIRU - BEER- 147 RUG 147 81,541.51 73,387.36",F24 -KSM -RUIRU - BEER,,81541.51,73387.36,,,
22,"F24 -KSM -BURUBUAU - DELN-30T BEER KSM NAMOB! _[BURURUAU 307 121,213.76 109,090.58 12,121.18|",F24 -KSM -BURUBUAU - DELN-30T BEER,,121213.76,109090.58,,,
22,"KBLKSM F24-DAGORETTICOANER JOT BEER [GEER KSM NAIROBI [DAGORETN CORNER 107 115,487.27 103,938.54 21,540,73|",F24-DAGORETTICOANER JOT BEER,KBL NBO F20 - DAGORETTI CORNER 30T BEER,115487.27,103938.54,KBL NBO F20 - DAGORETTI CORNER 30T BEER,770.32,114716.95
22,"F24-KSM-DIANI. BEER. 30T HER KM COAST __|DIANI ‘sor 200,582.77 252,524.49 28,058.28",F24-KSM-DIANI. BEER,,200582.77,252524.49,,,
22,"LKSM F24. ELOORET JOT BEER BEER KSM RIFT ELOORET 307 55,014.56 49,513.10 5,501.46",F24. ELOORET JOT BEER,,55014.56,49513.1,,,
22,"LKSM F24- ELOORET THT 307 BEER BEE M RIFT ELDORET THT 30T 084.56 48,631.10 5,403.46|",F24- ELOORET THT 307 BEER,,84.56,48631.1,,,
22,"F24.KSM-EMALI- BEER- 307 DEER KSM COAST __|EMALI jor 186,209.31 140,588.38 35,620,99",F24.KSM-EMALI- BEER,,186209.31,140588.38,,,
22,"F24 -KSM-EMBU - BEER - 307 EER KM MOUNTAIN | EMBU 307 146,244.45 131,620.01 14,624.45",F24 -KSM-EMBU - BEER,,146244.45,131620.01,,,
22,"F24-KSM-GATUNOU - MEER. 30T BEER KSM MOUNTAIN [GATUN 307 116,672.25 105,008.03 1.607.233|",F24-KSM-GATUNOU - MEER. 30T BEER,,116672.25,105008.03,,,
22,"F24KSM -GIKOMBA . BEER - 307 AER [ks NAIROB) _|GIKOMBA 307 137,254.74 105,538.27 13,725.47",F24KSM -GIKOMBA. BEER,,137254.74,105538.27,,,
22,"F24-KSM-HURUMA. BEER. 30T wi KS NAIROBI _|HURUMA 307 138,397,4 106,557.69 11,839.74",F24-KSM-HURUMA. BEER,,106557.69,11839.74,,,
22,"F24 .KSM-ISIOLO - BEER. 301 BEER KSM MOUNTAIN | \siOLe 30T 152,169.34 136,952.42 15,210.99",F24.KSM-ISIOLO - BEER,,152169.34,136952.42,,,
22,"KL KSM F24-ITEN 301 NEER BEER KSM art TEN 307 65,903.37 $9,313.03 6,590.34",F24-ITEN 301 NEER BEER,,65903.37,9313.03,,,
22,"F24-KSM JUJA. BEER « TR KSM MOUNTAIN [JUJA 307 170,593.47 117,489.12 13,054.35",F24-KSM JUJA. BEER,,170593.47,117489.12,,,
22,"KBLKSM F24. KAKAMEGA 307 BEER BEER [KSM LAKE KAKAMEGA 30r 25,625.20 25,762.68 3, 02,52",F24. KAKAMEGA 307 BEER,KBL NBO F20 - KAKAMEGA 30T BEER,25625.2,25762.68,KBL NBO F20 - KAKAMEGA 30T BEER,998.76,24626.440000000002
22,"F24 -KSI-KAVOLE. BEER . 30T OER KSM NAIROBI _|KAYOLE aor 123,197.35 110,823.62 42,313.74",F24 -KSI-KAVOLE. BEER,,123197.35,110823.62,,,
22,"KBLKSM F24. KISUMU SOT BEER BEER KSM LAKE KISUMU aor 15,255.65 13,730.09 1,525.57|",F24. KISUMU SOT BEER,,15255.65,13730.09,,,
22,"KALKSM F24-- KITALE 30T BEER HEE KSA RIFT KITALE 30T 67,930.63 61,137.57 6,793.06",F24-- KITALE 30T BEER,KBL NBO F20 - KITALE 30T BEER,67930.63,61137.57,KBL NBO F20 - KITALE 30T BEER,968.56,66962.07
22,"F24 -KSM-LIMURU . BEER. 307 agen KM NAIROG) — [LIMURU Th 103,238.40, 91,114.63 10,123.85",F24 -KSM-LIMURU. BEER,,103238.4,91114.63,,,
22,"F24 -KSM -MAKUTANO - BEER- 307 BEER KS MOUNTAIN [MAKUTANO 307 148,803.15 135,922.87 14,880.32",F24 -KSM -MAKUTANO - BEER,,148803.15,135922.87,,,
22,"KBLKSM F24. MERU 307 BEER HoER xSM MOUNTAIN |MERU PT 181,132.49 136,019.24 15,313,258",F24. MERU 307 BEER,,181132.49,136019.24,,,
22,"F24 -KSM -NAIROBI- BEER. SOT BEER KSM NAIROBI |NAIROB) 301 116,376.00 404,748.40 13,637.00|",F24 -KSM -NAIROBI- BEER,,116376.0,404748.4,,,
22,"F324 -K5M -NAIRODI THT - OCER- 307 BEER KS WAM [NAIROBI THT 30T 116,376.00 104,738.40 11,637.60",F324 -K5M -NAIRODI THT - OCER- 307 BEER,,116376.0,104738.4,,,
22,"KBL KSM F24- NAROK 30T BEER BEER Kim RET NAROK 307 73,687.70 66,318.93",F24- NAROK 30T BEER,KBL NBO F20 - NAROK 30T BEER,73687.7,66318.93,KBL NBO F20 - NAROK 30T BEER,476.98,73210.72
22,"KBL XSM F24 - NKUBU 30T BEER BEER kM MOUNTAIN |NKUBU 307 158,283.03 142,454.73",F24 - NKUBU 30T BEER,KBL NBO F20 - NKUBU 30T BEER,158283.03,142454.73,KBL NBO F20 - NKUBU 30T BEER,665.97,157617.06
22,"F24 -KSM NAS INDUST AREA. BEER - 207 i KSM NAIROBI __|NRB INDUST AREA TT UAP,878.65, 107,890.79",F24 -KSM NAS INDUST AREA. BEER,,878.65,107890.79,,,
22,"KOLKStA F24- AUIAU 307 ALER BEER KM MOUNTAIN [RUIRU 30T 128,173.51 115,356.16 12,817.35",F24- AUIAU 307 ALER BEER,,128173.51,115356.16,,,
22,"KOLKSM F24- THIKA 30T BEER BEEN KM [MOUNTAIN [THIKA 30T 138,245.84 124,021.26 13,624.58|",F24- THIKA 30T BEER,KBL NBO F20 - THIKA 30T BEER,138245.84,124021.26,KBL NBO F20 - THIKA 30T BEER,112.29,138133.55
22,"F24 -KSM-VOl- BEER 30T 307 219,264.65 197,428.19 21,936.47",F24 -KSM-VOl- BEER,,219264.65,197428.19,,,
22,"F24 -KSM-ATHIRIVEN - BEER? 151 62,392.76 55,153.48",F24 -KSM-ATHIRIVEN - BEER,,62392.76,55153.48,,,
22,"KBL NSM F24- ELDORET 7.51 BEER 751 6,301.4. 23,671.32",F24- ELDORET 7.51 BEER,KBL NBO F20 - ELDORET 7.5T BEER,7.51,23671.32,KBL NBO F20 - ELDORET 7.5T BEER,507.47,-499.96000000000004
22,"F24_KSM-GATUNDU- BEER - 7.5T 7! 57,843.72 52,059.35",F24_KSM-GATUNDU- BEER,,57843.72,52059.35,,,
22,"F24 -K5M-ISIOLO - BEER- 7.57 TST] 74,813.65 67,152.29",F24 -K5M-ISIOLO - BEER,,7.57,74813.65,,,
23,"F24 -KSM-JUIA- BEER. 7.51 UIA 7ST 64,475.97 58,028.28",F24 -KSM-JUIA- BEER,,7.51,64475.97,,,
23,"KBL KSM F24- KAGIO 7.57 BEER 7.57 68,642.08 64,777.87",F24- KAGIO 7.57 BEER,,7.57,7.57,,,
23,"KGL KSM F20- KAKAMIGA 7.57 BEER 731 34,679.69 31,211.72",F20- KAKAMIGA 7.57 BEER,KBL NBO F20 - KAKAMEGA 7.5T BEER,7.57,34679.69,KBL NBO F20 - KAKAMEGA 7.5T BEER,511.43,-503.86
23,"F24 -KSM -KAVOLE - BEER. 7.57 7.51 61,004,03 54,903.63",F24 -KSM -KAVOLE - BEER,,7.57,7.51,,,
23,"KBLKSM F24- KERICHO 7.57 BEER 72.57 19,594.12 47,684.74",F24- KERICHO 7.57 BEER,KBL NBO F20 - KERICHO 7.5T BEER,7.57,72.57,KBL NBO F20 - KERICHO 7.5T BEER,265.22,-257.65000000000003
23,"KBLKSM F24 - KISH 7.57 BEER 7.51 38,580.60 34,722.54",F24 - KISH 7.57 BEER,,7.57,7.51,,,
23,"KBLKSM F24 - KISUMU AYOTI 7.51 BEER 7.5T 9,834.36 8,850.92",F24 - KISUMU AYOTI 7.51 BEER,KBL NBO F20 - KISUMU AYOTI 7.5T BEER,7.51,9834.36,KBL NBO F20 - KISUMU AYOTI 7.5T BEER,817.44,-809.9300000000001
23,"KOL KSM F24 - LIMURU 7.5T BEER 7.51 49,721.05 44,740,95",F24 - LIMURU 7.5T BEER,KBL NBO F20 - LIMURU 7.5T BEER,7.51,49721.05,KBL NBO F20 - LIMURU 7.5T BEER,354.45,-346.94
23,"F24-KSM-NAIROBI THT - BEER- 7.4 BEER KM NAIROS) |NAIROBTHIT 7.57 57,700.95 51,934.37",F24-KSM-NAIROBI THT - BEER,,7.57,57700.95,,,
23,"F24 -KSM-NANYUKI- BEER. 7.5T weer KM MOUNTAIN |NANYUKI 7.57 65,642.63 $7,278.97",F24 -KSM-NANYUKI- BEER,,7.57,65642.63,,,
23,"F24 -KSM-NAROK - BEER 7.5T BEER KM AFT NAROK 7.5T 36,805.79 53,325.23",F24 -KSM-NAROK - BEER,,36805.79,53325.23,,,
23,"F24.KSM-NGONG- BEER - 7.57 BEER KSM NAIROBI _|NGONG 7.51 57,843.72 52,059.35",F24.KSM-NGONG- BEER,,7.57,7.51,,,
23,"F24-KSM-RUINU - BEER- 2.57 MOUNTAIN 2ST 63,364.58 57,028.39",F24-KSM-RUINU - BEER,,2.57,63364.58,,,
23,"F24 -KSM-UKUNDA- BEER. 7.5T 7.51 136,213.16 122,591.44",F24 -KSM-UKUNDA- BEER,,7.51,136213.16,,,
23,"F24 .KSM-BOMET- BEER- P/UP BOMET Pfup 23,112.52 20,801.08",F24.KSM-BOMET- BEER,,23112.52,20801.08,,,
23,"F24-KSM-EMALI- BEER. P/UP EMAL! Pup| 74,830.15 64,647.10",F24-KSM-EMALI- BEER,,74830.15,64647.1,,,
23,"F24 -KSM-EMBU - BEER- P/UP ¢MoU P/up 67,170.49 60,453.44",F24 -KSM-EMBU - BEER,,67170.49,60453.44,,,
23,"F24 -KSM-GATUNDU - BEER- p/UP MOUNTAIN |GATUNDU Pfup| 54,002.16 48,601.94",F24 -KSM-GATUNDU - BEER,,54002.16,48601.94,,,
23,"F24 -KSM-GIKOMBA - BEER - P/UP BEER KIM NAIROBI _|GIKOMBA P/up 54,263.25 48,038,93",F24 -KSM-GIKOMBA - BEER,,54263.25,,,,
23,"F24 -K5M -HURUMA- BEER- P/UP BEER KSM Nal ul P/up 54,696.86 49,408.97",F24 -K5M -HURUMA- BEER,,54696.86,49408.97,,,
23,"F24 -KSM -JUJA - BEER P/UP. BEE KS MOUNTAIN [JUJA P/up! 60,251.38 54,228.24",F24 -KSM -JUJA - BEER,,60251.38,54228.24,,,
23,"KOU KSM F24 - KiStl PAUP BEER Ks Kisi Pup 21,232.55 19,109.30",F24 - KiStl PAUP BEER,,21232.55,19109.3,,,
24,"F24 -KSM-MAKUTANO - BEER P/UP P/up 68,566.42 61,709.78",F24 -KSM-MAKUTANO - BEER,,68566.42,61709.78,,,
24,"F24 -KSM -NAIRODI- BEER- P/U BEER NAIROBI P/up 53,671.63 40,464.45",F24 -KSM -NAIRODI- BEER,,53671.63,40464.45,,,
24,"F24 -KSM-NAIRODI THT - BEER- P/UP GEER NAUKOML THT P/up 55,159.96 49,643.96",F24 -KSM-NAIRODI THT - BEER,,55159.96,49643.96,,,
24,"F24 -KSM -NGONG - BEER» P/UP BEER NGONG Pfup $4,002,16 48,601.94",F24 -KSM -NGONG - BEER,,48601.94,,,,
24,"F24--SM -NYALI- BEER » P/UP EER NYAU P/up 124,237.64 113,813.88",F24--SM -NYALI- BEER,,124237.64,113813.88,,,
24,"F24-KSM -RONGAI- BEER- P/UP een [RONGAI P/up 55,159.96 49,643.96",F24-KSM -RONGAI- BEER,,55159.96,49643.96,,,
24,"F24-KSM -RUIRU - BEER- P/UP BEER IKSM | MOUNTAIN | RUIRU P/up 59,206.99 $3,206.",F24-KSM -RUIRU - BEER,,59206.99,,,,
24,"F24-KSM -TALA - BEER - P/UP BEER TALA Pup 68,044.22 61,239.80",F24-KSM -TALA - BEER,,68044.22,61239.8,,,
24,"F24 -KSM-URUNDA- BEER» P/UP BEER UKUNDA P/up 127,370.83 114,633.75",F24 -KSM-URUNDA- BEER,,127370.83,114633.75,,,
24,"F24 -KSM -VOl- BEER- P/UP agen voi P/up 100,020.76 90,018.68",F24 -KSM -VOl- BEER,,100020.76,90018.68,,,
24,"KOL K5M F24- DOMET 147 KEG KEG BOMET 1aT 40,574.62 36,517.16",F24- DOMET 147 KEG,,40574.62,36517.16,,,
24,"KBL KSM F24- CHUKA 2AT KEG KEG Chuka 1aT 125,700.16 115,130.14",F24- CHUKA 2AT KEG,,125700.16,115130.14,,,
24,"KL KSM F24 - IKUTHA 147 KEG KEG IKUTHA ut 135,229.32 121,706.39",F24 - IKUTHA 147 KEG,,135229.32,121706.39,,,
24,"bLKSM F24- KAKAMIGA 147 KEG KEG KAKAMEGA EB 147 47,793.24",F24- KAKAMIGA 147 KEG,KBL NBO F20 - KAKAMEGA 14T KEG,47793.24,,KBL NBO F20 - KAKAMEGA 14T KEG,782.4,47010.84
24,"KBLKSM F24 - KERICHO 24T KEG KEG. KERICHO 1aT 25,301.37 22,771.23",F24 - KERICHO 24T KEG,KBL NBO F20 - KERICHO 14T KEG,25301.37,22771.23,KBL NBO F20 - KERICHO 14T KEG,335.07,24966.3
24,"KOLKSM F24- KIAMAU 14T KEG KEG Kambu 1aT 87,626.95 60,864.26",F24- KIAMAU 14T KEG,KBL NBO F20 - KINAMBA 14T KEG,87626.95,60864.26,KBL NBO F20 - KINAMBA 14T KEG,102.98,87523.97
24,"KBL KSM F24 - KIKUYU 147 KEG KEG Kikuyu 1aT 67,635.33 60,871.80",F24 - KIKUYU 147 KEG,,67635.33,60871.8,,,
24,"KOL K5M F24 - KISUMU 147 KEG KEG KISUMU Lat 12,558.63 11,302.77",F24 - KISUMU 147 KEG,,12558.63,11302.77,,,
24,"KBLKSM F24 - KITUI14T KEG KEG xirul 14t 131,756.33 118,589.70",F24 - KITUI14T KEG,KBL NBO F20 - KITUI 14T KEG,131756.33,118589.7,KBL NBO F20 - KITUI 14T KEG,563.17,131193.15999999997
24,"KBL KSM F24. IMURU 447 KEG KEG LIMUAU 147 74,599.81 67,139.83",F24. IMURU 447 KEG,,74599.81,67139.83,,,
24,"KOL KSM F24- MAUA 141 KEG KEG MAUA 14T 136,215.63 104,594.05",F24- MAUA 141 KEG,,136215.63,104594.05,,,
24,"KBL KSM F24 - MIGORI 147 KEG KEG IMIGOR 1aT 45,002.41 40,502.17",F24 - MIGORI 147 KEG,,45002.41,40502.17,,,
24,"KBLKSM F24 - MWIKI LAT KEG KEG Mwiki 141 91,093.76 01,983,48",F24 - MWIKI LAT KEG,,91093.76,,,,
24,"KOI, KSM F20- NAIVASHA 14T KEG NAIVASHA 14T 74,718.07 4,",F20- NAIVASHA 14T KEG,KBL NBO F20 - NAIVASHA 14T KEG,74718.07,,KBL NBO F20 - NAIVASHA 14T KEG,396.48,74321.59000000001
24,"KBL KSM F24 - NAKURU LAT KEG KEG NAKUNU Lat 61,194.77 55,075.29",F24 - NAKURU LAT KEG,,61194.77,55075.29,,,
24,"KBLKSM F24 . NAROK 14T KEG KEG NAROK 14T 56,809.55 54,128.60",F24. NAROK 14T KEG,KBL NBO F20 - NAROK 14T KEG,56809.55,54128.6,KBL NBO F20 - NAROK 14T KEG,914.91,55894.64
24,"KOL KSM F24-NGONG 147 KEG KEG NGONG 14T 76,933.78 69,240.40",F24-NGONG 147 KEG,,76933.78,69240.4,,,
24,"KOL KSM F24- NKUGU 147 KEG KEG NKUBU Lat 117,361.94 105,628.75",F24- NKUGU 147 KEG,,117361.94,105628.75,,,
24,"KGL KSM F24 - RONGAI 1aT KEG Kis Rongal 14T 76,128.80 68,515.92",F24 - RONGAI 1aT KEG,,76128.8,68515.92,,,
24,"KGL KSM F24 - BUNGOMA 30T KEG KUG BUNGOMA 30T 44,466.13 40,021.32 4,446.81",F24 - BUNGOMA 30T KEG,KBL NBO F20 - BUNGOMA 30T KEG,44466.13,40021.32,KBL NBO F20 - BUNGOMA 30T KEG,145.13,44321.0
24,"KBLKSM F24 - CHUKA 30T KEG KEG Chuka ET aaa 163,299.83 18,144.43",F24 - CHUKA 30T KEG,,163299.83,18144.43,,,
24,"KBLKSM F24 - GILGIL 30T KEG KEG oitait 101 89,006.35 80,825.72 8,980.64",F24 - GILGIL 30T KEG,KBL NBO F20 - GILGIL 30T Keg,89006.35,80825.72,KBL NBO F20 - GILGIL 30T Keg,381.47,88624.88
24,"KOL RSM F24- KADSADET JOT KEG KAPSABET 30T 38,187.21 54,565.49 3,638,72",F24- KADSADET JOT KEG,,38187.21,54565.49,,,
24,"KBL KSM F24 - KERICHO 30T KEG ies __30T 43,782,84 39,404.56 4,376.28|",F24 - KERICHO 30T KEG,KBL NBO F20 - KERICHO 30T KEG,39404.56,4376.28,KBL NBO F20 - KERICHO 30T KEG,978.2,38426.36
24,"KOL KSM F24 - KIAMBU 307 KEG Kiambu 307 132,675.14 119,407.63 13,267.53",F24 - KIAMBU 307 KEG,,132675.14,119407.63,,,
24,"KGL KSM F24 - KIS 30T KEG Kasil 307 40,329.76 36,296.78 4,032.98",F24 - KIS 30T KEG,KBL NBO F20 - KISII 30T KEG,40329.76,36296.78,KBL NBO F20 - KISII 30T KEG,409.7,39920.060000000005
24,"KGL KSM F24 - KITALE 30T KEG KITALE aor 67,082.50 60,347.25 6,705.25",F24 - KITALE 30T KEG,KBL NBO F20 - KITALE 30T KEG,67082.5,60347.25,KBL NBO F20 - KITALE 30T KEG,449.12,66633.38
24,"KGL KSM F24 . KITENGELA 30T KEG Kitengela 307 98,824.36 88,941.92 9,882.44",F24. KITENGELA 30T KEG,,98824.36,88941.92,,,
24,"KGL KSM F24 - LIMURU 30T KEG LAIMA 30T 120,342.70 108,308.43 12,034.27",F24 - LIMURU 30T KEG,KBL NBO F20 - LIMURU 30T Keg,120342.7,108308.43,KBL NBO F20 - LIMURU 30T Keg,587.37,119755.33
25,"KOLKSM F24 - NAKUAU 30T KEG Kis KSM RIFT INAKURU __30f 65,079.31 58571,30 6,507.93",F24 - NAKUAU 30T KEG,KBL NBO F20 - NKUBU 30T KEG,65079.31,6507.93,KBL NBO F20 - NKUBU 30T KEG,566.29,64513.02
25,"KBL KSM F24 - NAADK 307 KEG KEG KSM RIFT NAROK 30 66,141.43 77,527.29 8,614.14",F24 - NAADK 307 KEG,,66141.43,77527.29,,,
25,"KBL KSM F24 - NGONG 307 KEG KEG KEM NAIROBI _|NGONG 307 134,341.01 120,906.93 13,434.10",F24 - NGONG 307 KEG,KBL NBO F20 - NGONG 30T KEG,134341.01,120906.93,KBL NBO F20 - NGONG 30T KEG,973.95,133367.06
25,"KGL KSM F24 - NIORO 20T KEG KEG KSM RIFT Njaro 307 60,800.92 $4,720.84 6,080.09",F24 - NIORO 20T KEG,,60800.92,4720.84,,,
25,"KL K5M F24 - NYAHURURU 30T KEG KEG KSM RIFT NYAHUAURU a0f 71,994.72 64,795.25 7,159.47",F24 - NYAHURURU 30T KEG,KBL NBO F20 - NYAHURURU 30T KEG,71994.72,64795.25,KBL NBO F20 - NYAHURURU 30T KEG,891.14,71103.58
25,"KBL KSM F24 - HUNGOMA 7 STRIG KEG KSM LAKE 7.57 21,512.04 19,361.38",F24 - HUNGOMA 7 STRIG KEG,,7.57,21512.04,,,
25,"KOL KSM F264 - CHUKA 7.5T KEG KSM MOUNTAIN [Chuuka 257 83,811.39 75,480.25",F264 - CHUKA 7.5T KEG,,83811.39,75480.25,,,
25,"KGL KSM F24 - DANDORA 7.51 KEG KEG KSM NAIROB! — [Dandara 7.57 64,985.84 55,487.26",F24 - DANDORA 7.51 KEG,,7.51,7.57,,,
25,"KUL KSM F24 - GILGIL 7.51 KEG KEG KSM MOUNTAIN | GILGIL 7.51 42,940.23 58,646.21",F24 - GILGIL 7.51 KEG,,7.51,7.51,,,
25,"KGL KSM F24 - IKUTHA 7.51 KEG KEG KSM MOUNTAIN [IKUTHA 7.57 102,607.96 92,347.16",F24 - IKUTHA 7.51 KEG,,7.51,7.57,,,
25,"KOL KEM F24 - JUJA 7.57 KEG KEG KSM MOUNTAIN |Juja 257 68,132.61 61,319.35",F24 - JUJA 7.57 KEG,,7.57,68132.61,,,
25,"KGL KSM F24- FAPSADET 7ST KEG KEG KSM fut KAPSAGET 757 16,286.50 16,459.70",F24- FAPSADET 7ST KEG,,16286.5,16459.7,,,
25,"KBLKSM F24- KISI7.5T KEG KEG KSM RIFT KISH 75% 23,658.89 23,302.00",F24- KISI7.5T KEG,KBL NBO F20 - KISII 7.5T KEG,23658.89,23302.0,KBL NBO F20 - KISII 7.5T KEG,907.05,22751.84
25,"KOL RGM F24 - KITALE 7.5T KEG a KSM RIFT KITALE 78T 32.064,07 28,657.66",F24 - KITALE 7.5T KEG,KBL NBO F20 - KITALE 7.5T KEG,32.06,28657.66,KBL NBO F20 - KITALE 7.5T KEG,213.01,-180.95
25,"KBLKSM F24 - LIMURU 7.5T KEG KSM NAIROB! _|LIMURU 2,41 56,630.51 40,967.46",F24 - LIMURU 7.5T KEG,KBL NBO F20 - LIMURU 7.5T Keg,56630.51,40967.46,KBL NBO F20 - LIMURU 7.5T Keg,382.48,56248.03
25,"KBL KSM F24 - MAUA 7.51 KEG KEG KSM MOUNTAIN [MAUA 7:5T 86,116.50 79,304.55",F24 - MAUA 7.51 KEG,KBL NBO F20 - MAUA 7.5T KEG,7.51,86116.5,KBL NBO F20 - MAUA 7.5T KEG,293.25,-285.74
25,"KBLKSM F24- MWEA 7.57 KEG kts KSM MOUNTAIN | MWEA 751 75,641.74 64,077.51",F24- MWEA 7.57 KEG,,7.57,75641.74,,,
25,"KGL KSM F24- MWIKi 7.51 KEG KEG KS NAIROM! [Miki 7.51 65,905.83 59,315.25",F24- MWIKi 7.51 KEG,,7.51,7.51,,,
25,"KBLKSM F24- NAKUAU 7.51 KEG aT NAKURU 7.51 36,404.16 32,763.74",F24- NAKUAU 7.51 KEG,,7.51,7.51,,,
25,"KBL KSM F24 - NAROK 7.57 KEG RIFT NAROK 7 491,235.19 37,111.67",F24 - NAROK 7.57 KEG,,7.57,491235.19,,,
25,"KBLKSM F24- NGONG 7.51 KEG NAIROBI! |NGONG 7.5T 63,708.93 57,338.02",F24- NGONG 7.51 KEG,KBL NBO F20 - NGONG 7.5T KEG,7.51,63708.93,KBL NBO F20 - NGONG 7.5T KEG,442.2,-434.69
25,"KBLKSM F24 - NKUBU 7.57 KEG Kseg m MOUNTAIN [NKUBU Lat 82,475.32 74,227.79",F24 - NKUBU 7.57 KEG,KBL NBO F20 - NKUBU 7.5T KEG,7.57,82475.32,KBL NBO F20 - NKUBU 7.5T KEG,537.91,-530.3399999999999
25,"KEL KSM F24. NYAHUAURU 2.51 KEG KEG KEM RFT NYAHUAURU 7.57 46,038.83 43,834.93",F24. NYAHUAURU 2.51 KEG,,2.51,7.57,,,
25,"KBLKSM F24- THIKA 7.5T KEG KES KSM MOUNTAIN |THIKA 15 71,992.36 64,795.12",F24- THIKA 7.5T KEG,KBL NBO F20 - THIKA 7.5T KEG,71992.36,64795.12,KBL NBO F20 - THIKA 7.5T KEG,682.99,71309.37
25,"F24-kSM-BOMEY - SPINITS - 147 SPIRITS DOMET 147 31,400.43 28,260.39",F24-kSM-BOMEY - SPINITS - 147 SPIRITS,,31400.43,28260.39,,,
25,"F24 - KSM- ELDORET- SPIRITS- 14T SPIAIT. KS RIFT ELDORET 1a7 29,563.32 26,605.99",F24 - KSM- ELDORET- SPIRITS,,29563.32,26605.99,,,
25,"F24-KSM-KITHYUKO EG-SPIRITS-14T SPIRITS [RSI COAST [KITHYUKO 147 103,472.46 91,325.21",F24-KSM-KITHYUKO EG-SPIRITS,,103472.46,91325.21,,,
25,"F24 - KSM- LOKICHOGIO - SPIRITS - 147 Ea MOUNTAIN |LOKICHOGIO 347) 141,137.53 127,001.53",F24 - KSM- LOKICHOGIO - SPIRITS,,141137.53,127001.53,,,
26,"F24 - KSM- MAKONG- ESPiNnIITS - 147 SPIRITS KSM MOUNTAIN | MAKONGENI 147 85,877.17 17,289.45",F24 - KSM- MAKONG- ESPiNnIITS - 147 SPIRITS,,85877.17,17289.45,,,
26,"F24 - KSM- MAUA EB- SPIRITS - 147 SPITS KSM MOUNTAIN |MAUA Lat 107,513.85 98,762.47",F24 - KSM- MAUA EB- SPIRITS,,107513.85,98762.47,,,
26,"KGL KSM F24 - NAIROMI 147 SPIRIT SPIRITS xSM NAIROBI [NAIROBI 147 74,059.42 66,653.48",F24 - NAIROMI 147 SPIRIT SPIRITS,,74059.42,66653.48,,,
26,"KL KSM F24 - NAIVASHA 147 SPINIT SPIRITS KSM RIFT NAIVAS HA 147 63,409.98 $5,340.98",F24 - NAIVASHA 147 SPINIT SPIRITS,,63409.98,5340.98,,,
26,"KEL KSM F24- NAKUAU LAT SPIRIT SPIRITS KSM RIFT NAKURU 14T 43,504.54 97,354.09",F24- NAKUAU LAT SPIRIT SPIRITS,,43504.54,97354.09,,,
26,"F24 - KSM - NAKURU EB - SPIRITS - LAT. SPIRITS KSM RIFT NAKUAU 1a7 41,804.54 37,354,909",F24 - KSM - NAKURU EB - SPIRITS,,41804.54,,,,
26,"F24- KSM. NAKURU . SPIRITS » L4T [spurs KaM Ret NAXUAU 14T 41,504.54 37,354.09",F24- KSM. NAKURU. SPIRITS,,41504.54,37354.09,,,
26,"F24.KSM- NAROKEB- SPIAITS - 147 SPIRITS KSM RIFT. NAROK 147 47,033.97 42,330.57",F24.KSM- NAROKEB- SPIAITS - 147 SPIRITS,,47033.97,42330.57,,,
26,"KO KSM F24- NYAHURUAY 147 SPIRIT SPIRITS KSM RIFT NYAHURURU 147 $3,096.43 47,706.79",F24- NYAHURUAY 147 SPIRIT SPIRITS,,3096.43,47706.79,,,
26,"F24- KS - NYALI- SPIRITS - 147 SPIRITS KSM COAST NYAL 14T 172,158.85 154,942.95",F24- KS - NYALI- SPIRITS,,172158.85,154942.95,,,
26,"F24- KSM- RUIRU EG- SPIRITS- 14T SPIRITS KSM MOUNTAIN |RUIRU EB 1aT 81,468.11 73,321.30",F24- KSM- RUIRU EG- SPIRITS,,81468.11,73321.3,,,
26,"KBLKSM F24- BOMET 307 SPIRIT SPIRITS KSM 307 48,696.27 43,817.64 4,668.63",F24- BOMET 307 SPIRIT SPIRITS,,48696.27,43817.64,,,
26,"F24 - KSM - BOMET- SPIRITS - 307 SPIRITS KSM 307 48,686.27 43,017.64 4,858.63|",F24 - KSM - BOMET- SPIRITS,,48686.27,43017.64,,,
26,"KBLKSM F24 - 307 SPIRIT SPIRITS KS. aot 42,052.19 35,3865,97 4,265.22",F24 - 307 SPIRIT SPIRITS,,42052.19,4265.22,,,
26,"F24- KSM - BURUBURU - SPIRITS - S0T SPIRITS KSM NAIROB! _|BURUBURU 30 121,071.63 108,964.47 12,107.16",F24- KSM - BURUBURU - SPIRITS,,121071.63,108964.47,,,
26,"F24 - KSM - ELDORET - SPIRITS - 307 SPIRITS KSM RIET ELDORET soy 45,723.02 41,351.44 4,572.38|",F24 - KSM - ELDORET - SPIRITS,,45723.02,41351.44,,,
26,"F24- KSM- GATUNOU- SPIRITS » 30T SPIRITS KS MOUNTAIN |GATUNOU 307 136,532.13 104,878.92 13,653.21",F24- KSM- GATUNOU- SPIRITS,,136532.13,104878.92,,,
26,"F24 - KSM - JUJAEQ- SPIRIT- 3S07 SPIRITS KS MOUNTAIN [JUJA sot 130,403.15 117,363.02 13,040.34",F24 - KSM - JUJAEQ- SPIRIT- 3S07 SPIRITS,,130403.15,117363.02,,,
26,"KGL KSM F24 . KAPSAQET 30T SPIRIT SPIRITS Ka KAPSABET 30T 32,339.70 29,305.73 3,233.97",F24. KAPSAQET 30T SPIRIT SPIRITS,,32339.7,29305.73,,,
26,"KOL KSM F24 - KERICHO 30T SPIRIT SPIRITS KERICHO 307 33,674,06 30,486.65 3,387.41",F24 - KERICHO 30T SPIRIT SPIRITS,,30486.65,3387.41,,,
26,"KBLKSM F24 - KISH 307 SPIRIT SPIRITS KS het wisi 307 40,596.90 36,536.76 4,059.64",F24 - KISH 307 SPIRIT SPIRITS,,40596.9,36536.76,,,
26,"KBL KSM F24 - KISUMU JOT SPIRIT SPIRITS KSM LAKE KISUMU sor 14,308,800 12,077,92 1,430.88",F24 - KISUMU JOT SPIRIT SPIRITS,,1430.88,,,,
26,"F24 - KSM- MAKUTANO- SPIRITS- 30T SPIRITS KSM. MOUNTAIN | MAKUTANO Aor 148,663.07 133,796.76 14,866.31",F24 - KSM- MAKUTANO- SPIRITS,,148663.07,133796.76,,,
27,"F24- KSM - MATHAME EO - SPIRITS - 207 SPIRITS KM AIROBL |MATHARE 30T 119,146.04 107,251.44 11,014.60",F24- KSM - MATHAME EO - SPIRITS,,119146.04,107251.44,,,
27,"F24 - KSM- MAUA EB - SPIRITS - 30T PIRITS ksi MOUNTAIN |MAUA 30T 169,562.85 152,606.57 16,956.29",F24 - KSM- MAUA EB - SPIRITS,,169562.85,152606.57,,,
27,"F24 - KSM- MERU - SPIRITS- 30T SPIRITS [ks MOUNTAIN |MERU 301 180,992.97 155,893.15 15,099.24|",F24 - KSM- MERU - SPIRITS,,180992.97,155893.15,,,
27,"KBLKSM F24 . MIGORI 30T SPIRIT SPIRITS KS LAKE MIGORI 301 71,452.80 64,307.52 7,145.28",F24. MIGORI 30T SPIRIT SPIRITS,,71452.8,64307.52,,,
27,"F24- KiM- MOMBAS-A SPIA- I3T0ST SPIRITS KSM [coast __ |MOMBASA 30T 256,559.05 230,903.15 25,655.91",F24- KiM- MOMBAS-A SPIA- I3T0ST SPIRITS,,256559.05,230903.15,,,
27,"KBLKSM F24- NAIROBI 307 SPIRIT SPIRITS Kt WAIRODL [NAIROBI 30T 116,235.88 104,612.29 13,623.59|",F24- NAIROBI 307 SPIRIT SPIRITS,,116235.88,104612.29,,,
27,"F24 - KSM- NAIROBI THT. SPIRITS - 307 307 116,235.88 104,632.29 13,623.59|",F24 - KSM- NAIROBI THT. SPIRITS,,116235.88,104632.29,,,
27,"F24- KSM- NAROK Eft- SPIRITS- 30T SPIRITS KM RIFT NAROK 30T 73,547.58 66,192.62 7,354.76",F24- KSM- NAROK Eft- SPIRITS,,73547.58,66192.62,,,
27,"F24- KSM. NGONG . SPIRITS 30T spinits |ksm4_ atom |NGONG 30F 116,592.13 104,978.92 41,653.21",F24- KSM. NGONG. SPIRITS,,116592.13,104978.92,,,
27,"F24- KSM- NYERI - SPIRITS - 307 SPIRITS KSM MOUNTAIN [NYER 307 124,182.21 111,763.99 12,410.22",F24- KSM- NYERI - SPIRITS,,124182.21,111763.99,,,
27,"F24- KSM-TALA- SPIRITS - 30T SPIRITS KSM COAST _[TALA aor 147,478.00 132,730.28 14,747.81",F24- KSM-TALA- SPIRITS,,147478.0,132730.28,,,
27,"F24. KSM.- THIKA . SPIRITS- 30T ks MOUNTAIN | THIKA 307 138,105.71 124,295.14 13,810.57",F24. KSM.- THIKA. SPIRITS,,138105.71,124295.14,,,
27,"F24- KSM- VOL. SPIRITS . 30T SPIRITS coast [vol 30Y 249,224,53, 197,302.08 21,922.45",F24- KSM- VOL. SPIRITS,,197302.08,21922.45,,,
27,"F24 - KSM - ATHI RIVER - SPIRITS - 7.57 SPIRITS WAIROG! [ATHI RIVER 257 62,272.66 56,045.39",F24 - KSM - ATHI RIVER - SPIRITS,,7.57,62272.66,,,
27,"KGL KSM F24 - BUNGOMA 7.57 SPIRIT SPIRITS [KEM LAKE BUNGOMA 2.51 20,757.98 10,682.16",F24 - BUNGOMA 7.57 SPIRIT SPIRITS,KBL NBO F20 - BUNGOMA 7.5T SPIRIT,7.57,2.51,KBL NBO F20 - BUNGOMA 7.5T SPIRIT,331.67,-324.1
27,"KBLKSM F24- BUSIA 7.57 SPIRIT SPIRITS KSM LAKE BUSIA 737 24,849.23 22,364.31",F24- BUSIA 7.57 SPIRIT SPIRITS,,7.57,24849.23,,,
27,"F24 KS. DANDORA EB. SPIRITS » 7.5T SPIRITS KSI ANON [DANDORA 737 39,495.19 33,545.67",F24 KS. DANDORA EB. SPIRITS,,39495.19,33545.67,,,
27,"F24- KM - KIBERA UD - SPIRITS - 7.57 SPIRITS NAIROBI [KIBERA 7.57 57,862.49 $2,076.24",F24- KM - KIBERA UD - SPIRITS,,7.57,7.57,,,
27,"KBL MSM F24 . KISH 7.57 SPIRIT SPIRITS KSM (FT kisit 251 20,905.84 18,815.26",F24. KISH 7.57 SPIRIT SPIRITS,,7.57,20905.84,,,
27,"F24- RSM - MAUA EB. SPIRITS - 7.57 SPIRITS KM MOUNTAIN [MAUA 7.57 83,179.38 74,060.54",F24- RSM - MAUA EB. SPIRITS,,7.57,7.57,,,
28,"KBLKSM F24. NAKURU 7.ST SPIRIT SPIRITS [KS RIFT NAKURU 151 92,366.86 29,130.17",F24. NAKURU 7.ST SPIRIT SPIRITS,,92366.86,29130.17,,,
28,"KBLKSM F24. NIORO 7.51 SPIRIT SPIRITS KSM NIORO 751 93,394.75 20,255.20",F24. NIORO 7.51 SPIRIT SPIRITS,,7.51,93394.75,,,
28,"F24 - KSM- NIORG EB - SPIRITS - 7.57 SPIRITS KaM NIORO 7.57 31,394.75 28,255.28",F24 - KSM- NIORG EB - SPIRITS,,7.57,7.57,,,
28,"F24.KSM-NABCITYCENTEB-SPIRITS-75T [SPIRITS KSM Nin CITY CENT £0 751 $0,039.69 53,045.72",F24.KSM-NABCITYCENTEB-SPIRITS,,39.69,53045.72,,,
28,"F24- KSM-NAUINDUST AREA -SPIRITS-7.5T [SPIRITS KSM NRB INDUST AREA 757 59,356.31 $3,420.68",F24- KSM-NAUINDUST AREA -SPIRITS,,59356.31,3420.68,,,
28,"F24- KSM- NYAHURUAU - SPIRITS - 7.57 SPIRITS KSM NYAHURURU. 751 44,268.52 37,141.67",F24- KSM- NYAHURUAU - SPIRITS,,7.57,44268.52,,,
28,"F24- RSM. NYERI- SPIRITS - 7ST SPIRITS SM MOUNTAIN INYERI 7.51 61,439.42 55,295.48",F24- RSM. NYERI- SPIRITS,,7.51,61439.42,,,
28,"F24-KSM.BURUBURU SPIRITS. p/uP spins Tksiy NANNY TouRUaLi~ P/up 36,139.08 $0,525.17",F24-KSM.BURUBURU SPIRITS,,36139.08,525.17,,,
28,"F24 - KS. MERU - SPIRITS - P/UP MOUNTAIN [MERU P/up 69,324.56 62,392.10",F24 - KS. MERU - SPIRITS,,69324.56,62392.1,,,
29,"F24 - KSM- MWIKI EB - SPIRITS - P/UP SPIRITS KSM NAIROBI [MWIKI P/up 55,943.25 50,348.93",F24 - KSM- MWIKI EB - SPIRITS,,55943.25,50348.93,,,
29,"F24 . KSM- NAIVASHA EB - SPIRITS - P/UP SPIRITS KSM RUT NAIVASHA EB P/up 39,478.01 35,530.21",F24. KSM- NAIVASHA EB - SPIRITS,,39478.01,35530.21,,,
29,"F24 - KSI NAKURU - SPIRITS - P, SPIRITS KSM. RIFT NAKURU P/up 50,292.53 27,263.20",F24 - KSI NAKURU - SPIRITS,,50292.53,27263.2,,,
29,"F24- KSM. NJORO EB- SPIRITS - P/UP spi HUET NJORO. P/up| 29,378.68 26,440.81",F24- KSM. NJORO EB- SPIRITS,,29378.68,26440.81,,,
29,"F24 - KSM- NYAHURURU - SPIRITS - P/U? SPIRITS KSM RIFT NYAHURURU Pfup 38,694.72 24,825.25",F24 - KSM- NYAHURURU - SPIRITS,,38694.72,24825.25,,,
29,"F24 - KSM- RUIRU EB - SPIRITS - P/UP SPIRITS KsM MOUNTAIN [RUIKU Eo P/up 59,206.99 53,286.29",F24 - KSM- RUIRU EB - SPIRITS,,59206.99,53286.29,,,
29,"F24 . KSM.. TALA- SPIRITS - P/UP SPinuts 15M COAST TAU P/up 68,044.22 61,239.80",F24. KSM.. TALA- SPIRITS,,68044.22,61239.8,,,
29,"F24-BOC -ATHIRIVER - BEER - 14 BEER BDC NAIROBI |ATHI AIVER Lat 12,163.64 10,947.28",F24-BOC -ATHIRIVER - BEER,F24 -BDC -ATHI RIVER - Beer - 30T,12163.64,10947.28,F24 -BDC -ATHI RIVER - Beer - 30T,17.68,12145.96
29,"F24 -BOC -DAGORETTI CORNER - BEER- LAT BEER BOC NAIROBI! |DAGORETT CORNER iat 19,040,93 9,756.54",F24 -BOC -DAGORETTI CORNER - BEER,F24 -BDC -DAGORETTI CORNER - Beer - 30T,9756.54,,F24 -BDC -DAGORETTI CORNER - Beer - 30T,841.19,8915.35
29,"F24-BOC -EMBU - BEER. 147 MOUNTAIN | Ei 1aT 32,943.52 29,649.17",F24-BOC -EMBU - BEER,,32943.52,29649.17,,,
29,"F24 BDC -GATUNDU . BEER- 1aT MOUNTAIN |GATUNDU LaT 17,159.99 15,443.99",F24 BDC -GATUNDU. BEER,,17159.99,15443.99,,,
29,"F24 -AOC -JUJA- BEER- 147 MOUNTAIN |JUJA tat 14,607.00 13,146.30",F24 -AOC -JUJA- BEER,,14607.0,13146.3,,,
29,"F24 BOC -KAGIO- BEER- 14T MOUNTAIN |KAGIO LaT! 28,901.88 26,011.69",F24 BOC -KAGIO- BEER,,28901.88,26011.69,,,
29,"F24 -BDC -KAYOLE - BEER» 14T BEER BOC NAIROBI VOLE ut 10,840.93 9,756.84",F24 -BDC -KAYOLE - BEER,F24 -BDC -KAYOLE - Beer - 30T,10840.93,9756.84,F24 -BDC -KAYOLE - Beer - 30T,841.19,9999.74
29,"|F24 -BOC -MAKUTANO - BEER- 147 MOUNTAIN |MAKUTANO tay 24,030.78 23,627,270",F24 -BOC -MAKUTANO - BEER,F24 -BDC -MAKUTANO - Beer - 30T,24030.78,,F24 -BDC -MAKUTANO - Beer - 30T,453.18,23577.6
29,"F24 -BDC -MOMBASA - BEER - L4T COAST MOMBASA at 104,137,61 93,706.03",F24 -BDC -MOMBASA - BEER,F24 -BDC -MOMBASA - Beer - 30T,93706.03,,F24 -BDC -MOMBASA - Beer - 30T,280.08,93425.95
29,"F24 -BOC -NAIRODI- BEER- 147 NAIROBI |NAIROBI 14 20,840.93. 9,756.04",F24 -BOC -NAIRODI- BEER,,20840.93,9756.04,,,
29,"F24 -BOC -NANYUKI - BEER- 14T MOUNTAIN |NANYUSi Lat 45,210.25 40,743.23",F24 -BOC -NANYUKI - BEER,F24 -BDC -NANYUKI - Beer - 30T,45210.25,40743.23,F24 -BDC -NANYUKI - Beer - 30T,527.82,44682.43
29,"F24 -BDC -NKUBU - BEER 147 MOUNTAIN [NKUAU 1aT 48,209.63 43,388.67",F24 -BDC -NKUBU - BEER,F24 -BDC -NKUBU - Beer - 30T,48209.63,43388.67,F24 -BDC -NKUBU - Beer - 30T,364.46,47845.17
29,"F24 -BDC -NYAHURURU- BEER- 14T MOUNTAIN |NYAHUAURU 147 4 43,900.61",F24 -BDC -NYAHURURU- BEER,F24 -BDC -NYAHURURU - Beer - 30T,43900.61,,F24 -BDC -NYAHURURU - Beer - 30T,643.85,43256.76
29,"F24 BOC -NYAU- BEER« 146T COAST NYALI 14T 104,301.52 93,872.37",F24 BOC -NYAU- BEER,,104301.52,93872.37,,,
29,"F24 BDC -RONGAI- BEER- 14T NAIKOa| — [hONGAI 1aT 11,832.97 10,649.67",F24 BDC -RONGAI- BEER,F24 -BDC -RONGAI - Beer - 30T,11832.97,10649.67,F24 -BDC -RONGAI - Beer - 30T,473.56,11359.41
29,"F24 -BDC -RUAKA - BEER - 14T NAIROB|__|RUAKA 1aT 10,840.53 9,756.84",F24 -BDC -RUAKA - BEER,F24 -BDC -RUAKA - Beer - 30T,10840.53,9756.84,F24 -BDC -RUAKA - Beer - 30T,841.19,9999.34
29,"F24 -BOC -RUIRU - BEER- 147 MOUNTAIN |RUIRU LaT 14,147.72 12,732.95",F24 -BOC -RUIRU - BEER,F24 -BDC -RUIRU - Beer - 30T,14147.72,12732.95,F24 -BDC -RUIRU - Beer - 30T,282.42,13865.3
29,"F24 -BDC -UKUNDA - BEER- 14T COAST UKUNDA Lat 110,506.46 9,455.81",F24 -BDC -UKUNDA - BEER,F24 -BDC -UKUNDA - Beer - 30T,110506.46,9455.81,F24 -BDC -UKUNDA - Beer - 30T,7.02,110499.44
29,"F24 BOC -VOt- BEER. 14T COAST val LAT. 72,479.42 65,233.48",F24 BOC -VOt- BEER,,72479.42,65233.48,,,
29,"F24-BOC-BUAUBUAU-BEER-30T BURUBURU 307, 16,152.37 14,539.15 3,035,24",F24-BOC-BUAUBUAU-BEER,,16152.37,14539.15,,,
29,"F24 -BDC -DAGORETTI CORNER - BEER- 307 407 16,152.37 14,537.13 1,615.24",F24 -BDC -DAGORETTI CORNER - BEER,F24 -BDC -DAGORETTI CORNER - Beer - 30T,16152.37,14537.13,F24 -BDC -DAGORETTI CORNER - Beer - 30T,841.19,15311.18
29,"F24 -BOC -ISIOLO - BEER - JOT 30T 96,391.10 46,751.99 9,639.12",F24 -BOC -ISIOLO - BEER,F24 -BDC -ISIOLO - Beer - 30T,96391.1,46751.99,F24 -BDC -ISIOLO - Beer - 30T,717.45,95673.65000000001
30,"F24 -BOC -KAREN THT -GCER- 207 BEER BDC NAIROBI [KAREN THT 207 36,152.37 14,537.13 1,615.24",F24 -BOC -KAREN THT -GCER- 207 BEER,,36152.37,14537.13,,,
30,"F24 -BOC -KITUI- REER- 307 BEER BDC COAST KITUL 30T 56,958.72 $1,244 5.593,57|",F24 -BOC -KITUI- REER- 307 BEER,,56958.72,5.59,,,
30,"F24 -D0C -LIMURU - BEER - 30T BEER BDC NAIROB! — |LIMUAU sor 19,203.69 17,283.32 1,920.37",F24 -D0C -LIMURU - BEER,F24 -BDC -LIMURU - Beer - 30T,19203.69,17283.32,F24 -BDC -LIMURU - Beer - 30T,954.78,18248.91
30,"F24 -BDC -MACHAKOS- IEER- JOT BEER ADC COAST MACHAKOS 30T 29,629.76 26,666.70 7,962.98",F24 -BDC -MACHAKOS- IEER- JOT BEER,F24 -BDC -MACHAKOS - Beer - 30T,29629.76,26666.7,F24 -BDC -MACHAKOS - Beer - 30T,593.63,29036.129999999997
30,"F24 BDC -MAUA - BEER- 307 orER ape MOUNTAIN |MAUA 307] 95,609.83 86,048.85 9,560,90",F24 BDC -MAUA - BEER,F24 -BDC -MAUA - Beer - 30T,95609.83,86048.85,F24 -BDC -MAUA - Beer - 30T,920.23,94689.6
30,"F24 -NDC -ME- RBEEUR - 307 BEER abe MOUNTAIN [MERU _3ot 79,900.05 71,917.97 7,990.89",F24 -NDC -ME- RBEEUR - 307 BEER,,79900.05,71917.97,,,
30,"F24 -BDC -MOMBASA BEER . 30T BEER abe COAST MOMDASA 30T 104,782.48 94,304.23 10,478.25",F24 -BDC -MOMBASA BEER,F24 -BDC -MOMBASA - Beer - 30T,104782.48,94304.23,F24 -BDC -MOMBASA - Beer - 30T,280.08,104502.4
30,"F24 -BDC -NAROK - HEER - 307 BEER apc RIFT NAAOK 30T 53,862.96 48,476.30 $,300,26",F24 -BDC -NAROK - HEER - 307 BEER,F24 -BDC -NAROK - Beer - 30T,53862.96,48476.3,F24 -BDC -NAROK - Beer - 30T,320.98,53541.979999999996
30,"F24 -BOC -NKUBU . BEER- 30T a MOUNTAIN |NKUBU 30T 75,465.17 67,918.65 7,546.52",F24 -BOC -NKUBU. BEER,,75465.17,67918.65,,,
30,"F24-BOC -NYALI- BEER. 30T ween ites COAST NYALI 307 139,688.37 107,719.55 31,968.04",F24-BOC -NYALI- BEER,,139688.37,107719.55,,,
30,"F24 -BOC -RUAKA- NEER- 407 BEER apc NAIROB) | RUAKA 30T 26,152.97 14,537,18 1,615.24",F24 -BOC -RUAKA- NEER- 407 BEER,,26152.97,1615.24,,,
30,"F24 -BDC -RUIRU - BEER - 30T BEER 6oc MOUNTAIN | RUIRU aoT 21,484,768 19,336.30 2,148.48",F24 -BDC -RUIRU - BEER,F24 -BDC -RUIRU - Beer - 30T,19336.3,2148.48,F24 -BDC -RUIRU - Beer - 30T,282.42,19053.88
30,"F24 BDC -TALA. BEER- 307 Ofer gO COAST TALA 307 39,020.68 35,128.41 3,902.",F24 BDC -TALA. BEER,,39020.68,35128.41,,,
30,"F24 -BDC -IKUNDA. BEER « 30T BEER ape coast UKUNDA 30T 127,054.88 114,349.39 12,705.49",F24 -BDC -IKUNDA. BEER,,127054.88,114349.39,,,
30,"F24 -BDC -VOl- BEER - 307 DEER gpc COAST vol 307 84,624.73 76,162.24 0,AG2.47",F24 -BDC -VOl- BEER,,84624.73,76162.24,,,
30,"F24 BDC -BOMET- BEER. 7.5T AEE Te fet SOMET 7.57 39,027.77 35,124.99",F24 BDC -BOMET- BEER,F24 -BDC -BOMET - Beer - 30T,7.57,39027.77,F24 -BDC -BOMET - Beer - 30T,387.37,-379.8
30,"F24 -BDC -BURUAUAU - BEER- 7,51 BEER BDC NAIROBI | BURUBUAU 7.57 16,085.22 14,476.70",F24 -BDC -BURUAUAU - BEER,F24 -BDC -BURUBURU - Beer - 30T,7.57,16085.22,F24 -BDC -BURUBURU - Beer - 30T,841.19,-833.62
30,"F24 -BDC -DIANI- BEER. 7.5T BEER obo COAST DAM 251 86,459.13 77,813.22",F24 -BDC -DIANI- BEER,F24 -BDC -DIANI - Beer - 30T,86459.13,77813.22,F24 -BDC -DIANI - Beer - 30T,7.02,86452.11
30,"F24 -BOC -EMALI- DEER - 7.57 BEER apc COAST _ |EMALI 2.57 43,180.43 30,862,39",F24 -BOC -EMALI- DEER - 7.57 BEER,F24 -BDC -EMALI - Beer - 7.5T,7.57,2.57,F24 -BDC -EMALI - Beer - 7.5T,420.85,-413.28000000000003
30,"F24 -BDC -EMBU - BEER- 7.5T BEER BDC MOUNTAIN | EMBU 731 29,203.04 26,282.74",F24 -BDC -EMBU - BEER,F24 -BDC -EMBU - Beer - 30T,29203.04,26282.74,F24 -BDC -EMBU - Beer - 30T,26.67,29176.370000000003
30,"F24 -BDC -HURUMA - BEER - 7.5T BEER abe naman! —_|HuRUMA 7.57 16,085.22 14,476.70",F24 -BDC -HURUMA - BEER,F24 -BDC -HURUMA - Beer - 30T,7.57,16085.22,F24 -BDC -HURUMA - Beer - 30T,841.19,-833.62
30,"F24 -BDG -JUIA - BEER - 7.57 BEER apc MOUNTAIN [JUJA 751 11,860.50 10,674.45",F24 -BDG -JUIA - BEER,,7.57,11860.5,,,
30,"F24-BOC -KAREN THT -BEER- 7.57 BEER lg0CINAIRODI | KAREN THT 7.5T 16,085.22 14,476.70",F24-BOC -KAREN THT -BEER,F24 -BDC -KAREN THT - Beer - 30T,7.57,16085.22,F24 -BDC -KAREN THT - Beer - 30T,841.19,-833.62
30,"F24 -BDC -LOKICHOGIO - BEER 7.5T BEER abc | MOUNTAIN |LaKICHOGIO 751 134,583.77 121,125.39",F24 -BDC -LOKICHOGIO - BEER,F24 -BDC -LOKICHOGIO - Beer - 30T,134583.77,121125.39,F24 -BDC -LOKICHOGIO - Beer - 30T,864.53,133719.24
30,"F24 -B-O MECRU - BEER- 7.51 orer apc MOUNTAIN |MERU 7.51 45,029.82 40,524.66",F24 -B-O MECRU - BEER,,7.51,7.51,,,
30,"F24-BDC -NAIROBI THT - BEER» 7.5T BEER apc NAIROBI! [NAIROBITHT EAL 16,085.22 14,476.70",F24-BDC -NAIROBI THT - BEER,F24 -BDC -NAIROBI THT - Beer - 30T,16085.22,14476.7,F24 -BDC -NAIROBI THT - Beer - 30T,841.19,15244.029999999999
30,"F24 -BDC -NAIVASHA BEER. 7.5T BEER boc RIFT NAIVASHA 2.51 20,085.54 18,076.99",F24 -BDC -NAIVASHA BEER,F24 -BDC -NAIVASHA - Beer - 30T,2.51,20085.54,F24 -BDC -NAIVASHA - Beer - 30T,813.46,-810.95
30,"F24 -DOC -NYAHUAURU - MEER- 7.57 BEER BOC MOUNTAIN [NYAHURURU 7.51 40,232.12 36,205,93",F24 -DOC -NYAHUAURU - MEER- 7.57 BEER,F24 -BDC -NYAHURURU - Beer - 7.5T,7.57,7.51,F24 -BDC -NYAHURURU - Beer - 7.5T,412.36,-404.79
30,"F24 -BDC -NYALI- BEER- 7.5T BEER apc COAST NY. 251 79,074.24 71,166.82",F24 -BDC -NYALI- BEER,F24 -BDC -NYALI - Beer - 30T,79074.24,71166.82,F24 -BDC -NYALI - Beer - 30T,490.18,78584.06000000001
30,"F24 -DC -RONGAI- BEER - 7.57 BEER a NAIROBI NGAI _251 4 14,610.66",F24 -DC -RONGAI- BEER,F24 -BDC -RONGAI - Beer - 30T,7.57,14610.66,F24 -BDC -RONGAI - Beer - 30T,473.56,-465.99
30,"F24 -BDC -THIKA- BEER- 7.5T BEER apc MOUNTAIN |THIKA 7.51 14,706.20 15,255.58",F24 -BDC -THIKA- BEER,F24 -BDC -THIKA - Beer - 30T,7.51,14706.2,F24 -BDC -THIKA - Beer - 30T,119.73,-112.22
30,"F24 -BDC -VOl- BEER« 7.5T BEER ape coast {vai 751 62,405.62 56,165.06",F24 -BDC -VOl- BEER,,62405.62,56165.06,,,
30,"F24-DDC -EMAL- BEER - P/uP BER apc |COAsT EMALI Pfup 36,741.91 33,067.72",F24-DDC -EMAL- BEER,,36741.91,33067.72,,,
30,"F24-RDC -ISIOLO - BEER. p/UP ween DC MOUNTAIN [15100 P/u 49,927.42 44,934.68",F24-RDC -ISIOLO - BEER,F24 -BDC -ISIOLO - Beer - 30T,49927.42,44934.68,F24 -BDC -ISIOLO - Beer - 30T,717.45,49209.97
30,"F24-BDC -JUJA - BEER - P/UP BEE BDC MOUNTAIN [JUJA fu. 25,755.44 23,179.90",F24-BDC -JUJA - BEER,F24 -BDC -JUJA - Beer - 30T,25755.44,23179.9,F24 -BDC -JUJA - Beer - 30T,38.14,25717.3
30,"F24 -BDC -KAYOLE - BEER - P/UP BEER BDC NAIROBI | KAYO! P/w 10,860.94 §.774.85",F24 -BDC -KAYOLE - BEER,F24 -BDC -KAYOLE - Beer - 30T,10860.94,774.85,F24 -BDC -KAYOLE - Beer - 30T,841.19,10019.75
